sale_id,employee_id,customer_id,product_id,sales_channel,quantity,discount_percentage,payment_method,subtotal,discount_amount,total,year,month,day,hour
1,92,103,5,Distribuidor,4,21.94,Tarjeta,1804.16,395.83,1408.33,2024,5,10,5
2,45,436,157,Distribuidor,9,3.81,Transferencia,5003.73,190.64,4813.09,2023,4,1,5
3,65,349,47,Tienda física,3,15.51,Transferencia,1724.88,267.53,1457.35,2025,5,29,14
4,99,271,68,Distribuidor,3,14.64,Tarjeta,913.47,133.73,779.74,2025,8,12,23
5,38,107,76,Distribuidor,12,4.67,Tarjeta,6747.0,315.08,6431.92,2024,11,2,23
6,100,72,173,Tienda física,17,13.37,Paypal,10985.91,1468.82,9517.09,2025,11,7,9
7,21,189,130,Online,11,12.04,Transferencia,603.02,72.6,530.42,2025,11,5,4
8,65,21,155,Online,16,10.53,Tarjeta,12463.2,1312.37,11150.83,2023,4,27,14
9,45,103,95,Distribuidor,14,0.33,Efectivo,2057.3,6.79,2050.51,2024,11,30,4
10,13,122,115,Distribuidor,19,21.69,Efectivo,12137.77,2632.68,9505.09,2023,10,13,13
11,44,467,164,Online,15,18.74,Tarjeta,6228.15,1167.16,5060.99,2024,10,25,11
12,1,215,36,Tienda física,2,9.5,Transferencia,1512.38,143.68,1368.7,2025,7,12,12
13,1,331,26,Tienda física,16,16.43,Tarjeta,1010.72,166.06,844.66,2024,8,27,21
14,87,459,43,Tienda física,3,0.72,Tarjeta,2187.72,15.75,2171.97,2024,11,17,20
15,62,88,27,Tienda física,10,8.17,Efectivo,7427.8,606.85,6820.95,2023,9,15,22
16,94,373,69,Distribuidor,13,6.95,Transferencia,10334.48,718.25,9616.23,2025,2,21,15
17,54,100,148,Tienda física,16,1.43,Tarjeta,9012.32,128.88,8883.44,2023,11,4,12
18,4,360,11,Online,15,16.58,Transferencia,10593.15,1756.34,8836.81,2024,4,12,23
19,27,152,74,Tienda física,8,16.01,Tarjeta,2894.24,463.37,2430.87,2023,1,12,11
20,2,131,104,Tienda física,15,0.42,Paypal,4868.55,20.45,4848.1,2023,8,20,7
21,4,150,38,Tienda física,12,0.28,Paypal,667.44,1.87,665.57,2024,11,15,5
22,22,309,134,Distribuidor,7,6.03,Efectivo,506.66,30.55,476.11,2023,8,29,8
23,91,258,200,Distribuidor,17,21.97,Tarjeta,3206.03,704.36,2501.67,2024,5,22,15
24,57,344,23,Online,11,14.63,Paypal,3319.14,485.59,2833.55,2024,10,6,8
25,73,492,47,Online,14,20.83,Transferencia,8049.44,1676.7,6372.74,2025,9,27,12
26,45,414,90,Distribuidor,11,9.52,Paypal,2216.28,210.99,2005.29,2024,2,21,2
27,50,294,46,Distribuidor,1,13.8,Transferencia,78.71,10.86,67.85,2024,8,3,5
28,40,386,107,Distribuidor,5,14.52,Efectivo,292.75,42.51,250.24,2024,1,11,18
29,40,192,140,Distribuidor,13,5.74,Transferencia,7366.71,422.85,6943.86,2024,7,4,15
30,65,444,141,Online,7,0.16,Transferencia,5319.3,8.51,5310.79,2024,5,24,12
31,97,277,104,Online,5,7.63,Transferencia,1622.85,123.82,1499.03,2025,11,27,14
32,57,161,190,Tienda física,9,2.15,Efectivo,2980.26,64.08,2916.18,2025,3,7,12
33,43,460,111,Distribuidor,8,5.3,Paypal,4090.56,216.8,3873.76,2024,2,13,2
34,65,314,104,Distribuidor,11,23.48,Transferencia,3570.27,838.3,2731.97,2025,7,7,19
35,12,22,60,Online,6,2.11,Paypal,2117.34,44.68,2072.66,2025,10,18,9
36,22,253,171,Tienda física,14,3.89,Transferencia,5139.26,199.92,4939.34,2023,12,13,4
37,95,236,100,Distribuidor,9,11.1,Paypal,331.2,36.76,294.44,2024,2,10,17
38,26,345,68,Online,1,23.25,Transferencia,304.49,70.79,233.7,2023,7,19,16
39,64,49,133,Distribuidor,8,16.43,Tarjeta,1534.72,252.15,1282.57,2025,8,12,9
40,1,475,120,Online,11,8.98,Efectivo,1751.64,157.3,1594.34,2024,5,7,1
41,68,59,37,Distribuidor,16,8.75,Tarjeta,9057.28,792.51,8264.77,2025,4,9,11
42,75,170,72,Tienda física,6,7.13,Efectivo,4058.94,289.4,3769.54,2024,4,8,14
43,58,476,127,Online,19,16.82,Efectivo,11857.71,1994.47,9863.24,2025,7,4,2
44,97,188,106,Distribuidor,9,11.84,Efectivo,2040.12,241.55,1798.57,2024,4,20,22
45,12,464,92,Online,6,17.41,Paypal,2426.88,422.52,2004.36,2023,8,25,2
46,94,271,31,Tienda física,9,14.73,Tarjeta,2411.64,355.23,2056.41,2023,1,19,12
47,26,190,122,Distribuidor,11,13.59,Transferencia,2118.27,287.87,1830.4,2024,3,15,13
48,33,446,137,Online,8,16.76,Transferencia,3096.48,518.97,2577.51,2023,6,7,8
49,56,175,51,Online,1,11.62,Paypal,654.43,76.04,578.39,2023,1,30,15
50,83,446,29,Tienda física,8,17.11,Tarjeta,6151.04,1052.44,5098.6,2023,12,11,8
51,49,51,40,Tienda física,12,8.75,Efectivo,6906.72,604.34,6302.38,2025,2,5,6
52,78,364,41,Tienda física,3,24.32,Tarjeta,388.56,94.5,294.06,2023,12,19,18
53,91,55,11,Tienda física,7,21.05,Paypal,4943.47,1040.6,3902.87,2023,1,22,0
54,4,244,151,Tienda física,17,2.81,Efectivo,4068.44,114.32,3954.12,2024,1,1,21
55,8,320,1,Distribuidor,1,0.97,Paypal,258.44,2.51,255.93,2025,8,24,15
56,91,131,46,Tienda física,5,5.15,Tarjeta,393.55,20.27,373.28,2023,1,3,4
57,100,485,101,Tienda física,3,10.19,Transferencia,2128.8,216.92,1911.88,2024,6,4,5
58,44,307,149,Tienda física,7,22.19,Paypal,4457.39,989.09,3468.3,2025,3,15,8
59,78,135,90,Online,17,22.18,Paypal,3425.16,759.7,2665.46,2023,4,28,3
60,40,21,110,Online,7,23.77,Efectivo,3152.66,749.39,2403.27,2024,9,3,16
61,97,329,164,Tienda física,8,11.81,Transferencia,3321.68,392.29,2929.39,2025,2,20,17
62,19,167,182,Distribuidor,1,22.93,Paypal,363.12,83.26,279.86,2023,9,19,21
63,83,274,57,Tienda física,10,13.66,Tarjeta,3536.1,483.03,3053.07,2023,9,24,3
64,53,388,1,Online,15,17.45,Efectivo,3876.6,676.47,3200.13,2024,7,27,19
65,43,89,63,Distribuidor,7,7.08,Transferencia,4382.49,310.28,4072.21,2024,5,3,5
66,56,316,182,Online,8,0.89,Transferencia,2904.96,25.85,2879.11,2024,12,17,8
67,38,14,55,Tienda física,5,7.35,Paypal,2447.2,179.87,2267.33,2025,5,15,9
68,35,242,115,Distribuidor,2,1.58,Transferencia,1277.66,20.19,1257.47,2024,11,4,0
69,99,265,168,Distribuidor,12,15.39,Tarjeta,4435.56,682.63,3752.93,2025,5,25,7
70,68,346,143,Tienda física,17,19.31,Transferencia,3021.24,583.4,2437.84,2024,4,20,15
71,26,53,149,Tienda física,11,21.69,Paypal,7004.47,1519.27,5485.2,2025,9,25,3
72,94,386,175,Tienda física,16,15.61,Efectivo,10393.6,1622.44,8771.16,2025,5,13,6
73,49,340,53,Tienda física,12,8.71,Paypal,2378.4,207.16,2171.24,2025,8,22,11
74,95,92,137,Online,16,20.5,Efectivo,6192.96,1269.56,4923.4,2024,2,4,14
75,19,367,180,Tienda física,1,24.45,Efectivo,416.06,101.73,314.33,2024,8,22,2
76,1,444,57,Online,19,15.55,Tarjeta,6718.59,1044.74,5673.85,2023,9,7,13
77,45,455,117,Distribuidor,7,3.16,Tarjeta,4513.53,142.63,4370.9,2025,10,11,15
78,94,428,154,Online,15,13.24,Paypal,3764.25,498.39,3265.86,2025,10,18,2
79,57,264,169,Online,5,18.72,Tarjeta,704.05,131.8,572.25,2025,1,1,21
80,100,431,35,Online,16,18.28,Paypal,3606.4,659.25,2947.15,2024,11,21,3
81,53,35,63,Distribuidor,7,18.88,Transferencia,4382.49,827.41,3555.08,2025,9,28,21
82,86,206,25,Tienda física,14,10.07,Efectivo,4644.5,467.7,4176.8,2025,5,17,19
83,2,81,90,Distribuidor,18,11.11,Paypal,3626.64,402.92,3223.72,2023,5,28,14
84,57,420,75,Tienda física,15,21.81,Tarjeta,7075.35,1543.13,5532.22,2023,3,7,7
85,9,50,38,Tienda física,4,6.84,Tarjeta,222.48,15.22,207.26,2024,10,5,12
86,26,360,130,Online,6,7.07,Paypal,328.92,23.25,305.67,2025,6,27,4
87,65,388,135,Tienda física,5,21.94,Transferencia,263.85,57.89,205.96,2024,10,10,16
88,2,2,162,Online,7,11.23,Efectivo,985.25,110.64,874.61,2023,10,7,22
89,8,390,91,Distribuidor,11,1.98,Tarjeta,2022.79,40.05,1982.74,2023,3,3,21
90,88,54,17,Tienda física,15,23.93,Transferencia,291.9,69.85,222.05,2025,2,1,23
91,38,106,128,Distribuidor,3,15.67,Transferencia,946.89,148.38,798.51,2023,11,14,9
92,49,260,171,Online,5,17.62,Efectivo,1835.45,323.41,1512.04,2025,12,20,16
93,88,310,187,Online,7,11.48,Paypal,4155.34,477.03,3678.31,2023,11,8,19
94,27,477,108,Tienda física,11,4.95,Paypal,5129.85,253.93,4875.92,2023,10,20,1
95,5,191,179,Distribuidor,1,21.27,Efectivo,494.54,105.19,389.35,2025,9,10,14
96,48,402,182,Distribuidor,16,7.43,Paypal,5809.92,431.68,5378.24,2025,1,15,22
97,56,218,152,Tienda física,6,24.46,Transferencia,636.72,155.74,480.98,2023,6,11,16
98,83,44,25,Online,10,15.9,Efectivo,3317.5,527.48,2790.02,2025,6,23,9
99,70,162,199,Distribuidor,2,11.42,Paypal,218.6,24.96,193.64,2024,4,12,19
100,99,202,180,Online,12,23.9,Efectivo,4992.72,1193.26,3799.46,2024,3,13,3
101,35,446,198,Distribuidor,5,0.01,Transferencia,2546.55,0.25,2546.3,2023,2,5,22
102,35,484,88,Distribuidor,16,16.01,Paypal,6208.0,993.9,5214.1,2023,7,10,7
103,50,270,161,Online,1,6.81,Paypal,272.87,18.58,254.29,2025,1,15,18
104,26,351,177,Online,8,6.23,Transferencia,344.32,21.45,322.87,2025,1,31,8
105,90,304,29,Distribuidor,7,16.73,Paypal,5382.16,900.44,4481.72,2023,7,4,12
106,88,271,63,Tienda física,7,23.24,Efectivo,4382.49,1018.49,3364.0,2023,9,22,18
107,56,456,150,Online,10,3.97,Transferencia,7755.6,307.9,7447.7,2024,12,17,22
108,88,462,154,Online,19,17.76,Paypal,4768.05,846.81,3921.24,2023,5,1,5
109,35,215,156,Online,3,13.76,Efectivo,1206.75,166.05,1040.7,2025,7,26,23
110,94,252,114,Distribuidor,3,12.29,Tarjeta,1447.14,177.85,1269.29,2025,11,15,7
111,10,190,49,Distribuidor,13,7.55,Efectivo,7081.49,534.65,6546.84,2023,10,29,19
112,9,296,199,Tienda física,7,16.92,Efectivo,765.1,129.45,635.65,2023,3,15,3
113,65,213,81,Tienda física,8,17.05,Paypal,3205.44,546.53,2658.91,2023,3,3,14
114,89,208,84,Online,1,5.68,Transferencia,570.23,32.39,537.84,2025,7,13,6
115,98,237,105,Distribuidor,4,24.64,Tarjeta,1747.4,430.56,1316.84,2023,4,21,3
116,83,338,177,Online,14,1.04,Efectivo,602.56,6.27,596.29,2024,7,17,3
117,90,367,148,Tienda física,3,4.06,Transferencia,1689.81,68.61,1621.2,2024,5,15,11
118,35,53,118,Distribuidor,5,10.65,Efectivo,921.55,98.15,823.4,2023,12,1,8
119,90,280,86,Online,7,24.82,Tarjeta,3936.73,977.1,2959.63,2023,6,4,22
120,40,410,63,Tienda física,17,12.01,Paypal,10643.19,1278.25,9364.94,2025,9,5,15
121,35,217,189,Online,6,14.25,Efectivo,1914.66,272.84,1641.82,2025,12,27,18
122,64,252,104,Tienda física,5,3.78,Transferencia,1622.85,61.34,1561.51,2024,1,22,14
123,22,188,49,Tienda física,7,14.38,Efectivo,3813.11,548.33,3264.78,2025,12,5,4
124,46,380,71,Tienda física,6,12.24,Tarjeta,3526.44,431.64,3094.8,2023,12,26,9
125,34,493,1,Distribuidor,3,14.62,Efectivo,775.32,113.35,661.97,2023,6,29,18
126,81,41,141,Online,13,3.7,Efectivo,9878.7,365.51,9513.19,2025,5,28,8
127,4,157,179,Tienda física,7,10.16,Efectivo,3461.78,351.72,3110.06,2025,7,4,0
128,94,15,123,Online,16,0.23,Efectivo,2382.72,5.48,2377.24,2025,5,12,19
129,14,301,184,Tienda física,11,10.4,Paypal,5678.97,590.61,5088.36,2025,7,19,1
130,22,65,62,Online,12,13.22,Tarjeta,3155.16,417.11,2738.05,2025,7,11,11
131,1,345,32,Online,5,21.76,Tarjeta,3675.5,799.79,2875.71,2024,3,23,5
132,20,327,158,Distribuidor,6,13.65,Efectivo,1090.38,148.84,941.54,2024,8,4,15
133,25,9,29,Distribuidor,5,8.03,Transferencia,3844.4,308.71,3535.69,2023,3,23,22
134,90,344,49,Tienda física,15,3.22,Transferencia,8170.95,263.1,7907.85,2023,5,23,16
135,1,129,173,Distribuidor,14,7.79,Transferencia,9047.22,704.78,8342.44,2024,10,15,18
136,20,492,30,Distribuidor,14,16.74,Efectivo,7077.28,1184.74,5892.54,2024,2,10,15
137,46,136,144,Distribuidor,19,16.0,Transferencia,7919.2,1267.07,6652.13,2024,1,16,19
138,88,472,168,Distribuidor,6,13.95,Efectivo,2217.78,309.38,1908.4,2023,9,15,7
139,16,63,19,Tienda física,4,21.73,Efectivo,1614.16,350.76,1263.4,2023,11,19,7
140,57,139,18,Tienda física,5,9.58,Efectivo,1928.95,184.79,1744.16,2023,11,30,17
141,13,499,1,Distribuidor,10,0.18,Transferencia,2584.4,4.65,2579.75,2024,7,24,17
142,81,81,78,Tienda física,15,16.22,Paypal,7447.95,1208.06,6239.89,2024,4,28,17
143,90,392,115,Distribuidor,12,19.38,Transferencia,7665.96,1485.66,6180.3,2023,5,20,19
144,45,163,175,Distribuidor,16,23.72,Tarjeta,10393.6,2465.36,7928.24,2024,6,17,2
145,73,419,194,Distribuidor,3,21.63,Tarjeta,2255.61,487.89,1767.72,2023,1,14,3
146,50,289,113,Tienda física,8,11.72,Efectivo,1582.16,185.43,1396.73,2025,3,20,2
147,33,379,114,Online,3,9.17,Efectivo,1447.14,132.7,1314.44,2023,12,6,10
148,25,261,166,Online,9,1.45,Efectivo,2167.83,31.43,2136.4,2024,1,10,21
149,3,490,179,Tienda física,12,11.19,Efectivo,5934.48,664.07,5270.41,2023,12,6,7
150,79,231,63,Tienda física,19,18.7,Transferencia,11895.33,2224.43,9670.9,2024,12,30,15
151,46,41,132,Distribuidor,9,4.86,Transferencia,3095.73,150.45,2945.28,2024,4,26,21
152,68,28,129,Tienda física,15,10.04,Transferencia,4908.9,492.85,4416.05,2023,12,25,20
153,76,135,8,Distribuidor,6,4.06,Paypal,3422.52,138.95,3283.57,2025,6,8,19
154,95,201,157,Online,16,18.65,Transferencia,8895.52,1659.01,7236.51,2023,2,26,6
155,75,328,55,Distribuidor,17,0.45,Efectivo,8320.48,37.44,8283.04,2023,6,5,9
156,94,268,103,Tienda física,6,2.83,Transferencia,4107.36,116.24,3991.12,2025,8,10,2
157,92,418,131,Tienda física,12,24.18,Efectivo,7772.28,1879.34,5892.94,2023,1,18,2
158,64,33,32,Tienda física,17,12.69,Efectivo,12496.7,1585.83,10910.87,2023,1,1,10
159,94,48,10,Online,13,2.76,Efectivo,4879.42,134.67,4744.75,2025,7,19,20
160,56,407,110,Distribuidor,9,11.23,Tarjeta,4053.42,455.2,3598.22,2023,10,17,18
161,89,62,162,Distribuidor,18,22.84,Tarjeta,2533.5,578.65,1954.85,2023,2,20,9
162,51,216,124,Tienda física,14,13.52,Tarjeta,3868.34,523.0,3345.34,2025,11,15,11
163,56,293,87,Online,8,4.25,Paypal,4044.32,171.88,3872.44,2025,6,20,11
164,75,99,55,Online,12,4.29,Efectivo,5873.28,251.96,5621.32,2023,8,20,21
165,16,172,32,Tienda física,2,5.22,Efectivo,1470.2,76.74,1393.46,2023,8,3,13
166,75,360,178,Distribuidor,12,6.18,Efectivo,1282.68,79.27,1203.41,2024,2,10,17
167,26,214,135,Tienda física,19,15.19,Paypal,1002.63,152.3,850.33,2024,5,15,6
168,65,475,93,Tienda física,19,18.62,Efectivo,2032.62,378.47,1654.15,2023,8,23,4
169,64,35,8,Tienda física,17,10.94,Tarjeta,9697.14,1060.87,8636.27,2024,1,26,17
170,83,449,65,Online,14,0.34,Transferencia,2906.12,9.88,2896.24,2024,2,27,21
171,70,227,57,Distribuidor,11,22.76,Paypal,3889.71,885.3,3004.41,2025,4,3,23
172,57,101,67,Distribuidor,5,10.38,Efectivo,80.85,8.39,72.46,2025,12,12,13
173,76,431,187,Online,3,0.28,Efectivo,1780.86,4.99,1775.87,2024,12,29,8
174,33,462,72,Online,3,11.6,Efectivo,2029.47,235.42,1794.05,2025,8,5,15
175,54,131,54,Tienda física,8,1.97,Tarjeta,3932.16,77.46,3854.7,2023,9,8,7
176,5,257,67,Distribuidor,2,4.46,Efectivo,32.34,1.44,30.9,2023,2,2,9
177,33,5,51,Distribuidor,12,3.18,Efectivo,7853.16,249.73,7603.43,2023,5,14,13
178,62,218,97,Distribuidor,12,18.49,Transferencia,359.16,66.41,292.75,2023,6,29,4
179,100,255,92,Tienda física,7,22.22,Transferencia,2831.36,629.13,2202.23,2024,5,10,8
180,5,398,8,Distribuidor,19,17.71,Efectivo,10837.98,1919.41,8918.57,2023,2,11,16
181,99,359,162,Online,7,24.67,Efectivo,985.25,243.06,742.19,2023,4,27,8
182,3,283,35,Distribuidor,5,22.84,Paypal,1127.0,257.41,869.59,2023,12,29,4
183,81,393,96,Online,16,3.02,Efectivo,5841.44,176.41,5665.03,2024,6,27,0
184,10,207,88,Tienda física,15,4.13,Tarjeta,5820.0,240.37,5579.63,2023,8,16,2
185,56,15,78,Tienda física,13,7.88,Transferencia,6454.89,508.65,5946.24,2023,10,27,22
186,45,346,32,Tienda física,9,16.52,Tarjeta,6615.9,1092.95,5522.95,2023,7,4,10
187,35,42,120,Online,18,23.88,Transferencia,2866.32,684.48,2181.84,2024,9,19,17
188,14,380,46,Online,11,6.97,Tarjeta,865.81,60.35,805.46,2025,7,21,18
189,76,461,144,Tienda física,8,7.13,Paypal,3334.4,237.74,3096.66,2025,8,13,11
190,46,179,196,Online,17,23.7,Efectivo,4022.71,953.38,3069.33,2023,6,4,15
191,88,63,165,Online,7,1.51,Paypal,3755.08,56.7,3698.38,2023,5,6,16
192,94,352,182,Distribuidor,4,3.02,Paypal,1452.48,43.86,1408.62,2024,3,28,14
193,75,231,142,Online,1,20.47,Paypal,143.05,29.28,113.77,2024,3,24,20
194,97,241,55,Online,19,12.0,Paypal,9299.36,1115.92,8183.44,2023,11,14,7
195,3,52,176,Distribuidor,13,11.34,Paypal,5826.34,660.71,5165.63,2023,2,26,4
196,40,96,7,Distribuidor,12,14.93,Transferencia,2298.84,343.22,1955.62,2023,4,27,12
197,83,388,74,Online,2,1.07,Efectivo,723.56,7.74,715.82,2024,12,17,5
198,53,222,7,Tienda física,12,22.52,Efectivo,2298.84,517.7,1781.14,2025,3,11,21
199,56,485,161,Tienda física,19,19.4,Efectivo,5184.53,1005.8,4178.73,2025,10,20,8
200,25,407,151,Online,18,5.72,Efectivo,4307.76,246.4,4061.36,2024,5,9,16
201,68,231,85,Online,14,23.7,Efectivo,2216.76,525.37,1691.39,2023,9,18,19
202,87,237,147,Online,9,2.85,Transferencia,2405.07,68.54,2336.53,2023,11,24,22
203,40,143,112,Online,8,13.0,Paypal,676.24,87.91,588.33,2023,6,23,9
204,13,171,125,Tienda física,15,19.32,Efectivo,7522.2,1453.29,6068.91,2023,10,29,8
205,11,29,147,Distribuidor,8,2.31,Paypal,2137.84,49.38,2088.46,2024,5,26,22
206,98,36,36,Tienda física,14,19.66,Tarjeta,10586.66,2081.34,8505.32,2023,5,29,4
207,48,13,29,Distribuidor,1,0.01,Tarjeta,768.88,0.08,768.8,2023,12,1,20
208,4,160,188,Online,19,18.19,Tarjeta,4465.76,812.32,3653.44,2023,2,27,6
209,66,327,82,Online,17,21.8,Efectivo,2600.32,566.87,2033.45,2025,9,7,9
210,21,187,2,Online,16,3.04,Transferencia,6256.32,190.19,6066.13,2024,11,12,19
211,51,243,129,Distribuidor,13,2.09,Paypal,4254.38,88.92,4165.46,2024,1,23,14
212,12,86,47,Tienda física,8,14.09,Paypal,4599.68,648.09,3951.59,2025,9,26,21
213,16,284,197,Online,9,4.28,Tarjeta,4619.25,197.7,4421.55,2023,5,6,14
214,99,66,148,Distribuidor,3,14.38,Efectivo,1689.81,242.99,1446.82,2023,3,14,10
215,56,170,11,Tienda física,14,12.34,Efectivo,9886.94,1220.05,8666.89,2024,2,21,11
216,79,45,130,Online,12,19.51,Efectivo,657.84,128.34,529.5,2025,2,22,14
217,99,62,195,Tienda física,16,0.09,Efectivo,2757.6,2.48,2755.12,2023,4,12,11
218,54,441,119,Distribuidor,8,6.73,Transferencia,1175.2,79.09,1096.11,2023,3,22,15
219,65,134,140,Distribuidor,2,6.44,Paypal,1133.34,72.99,1060.35,2023,7,26,22
220,89,284,20,Tienda física,13,21.66,Tarjeta,6541.08,1416.8,5124.28,2023,9,5,1
221,45,28,5,Distribuidor,18,15.28,Paypal,8118.72,1240.54,6878.18,2023,6,13,10
222,8,108,37,Distribuidor,13,11.5,Tarjeta,7359.04,846.29,6512.75,2024,9,8,9
223,84,44,166,Online,3,17.59,Transferencia,722.61,127.11,595.5,2023,8,6,7
224,62,340,137,Tienda física,5,24.54,Tarjeta,1935.3,474.92,1460.38,2023,9,21,8
225,45,286,53,Online,15,13.9,Efectivo,2973.0,413.25,2559.75,2023,5,30,20
226,90,446,172,Online,9,10.59,Paypal,7030.26,744.5,6285.76,2023,1,26,20
227,76,331,99,Tienda física,18,17.99,Paypal,7685.46,1382.61,6302.85,2023,12,26,17
228,43,128,86,Tienda física,18,15.74,Transferencia,10123.02,1593.36,8529.66,2025,7,1,22
229,98,348,108,Tienda física,5,13.85,Efectivo,2331.75,322.95,2008.8,2025,3,10,6
230,45,473,24,Online,14,13.71,Paypal,6821.08,935.17,5885.91,2023,12,18,0
231,21,231,81,Tienda física,19,12.15,Transferencia,7612.92,924.97,6687.95,2025,10,26,0
232,2,190,158,Distribuidor,2,5.13,Efectivo,363.46,18.65,344.81,2024,8,24,14
233,76,225,120,Online,14,2.64,Tarjeta,2229.36,58.86,2170.5,2025,11,19,8
234,46,385,59,Tienda física,13,24.17,Efectivo,1785.03,431.44,1353.59,2023,2,5,9
235,14,377,128,Online,8,0.41,Efectivo,2525.04,10.35,2514.69,2023,2,26,19
236,89,283,114,Distribuidor,8,12.06,Tarjeta,3859.04,465.4,3393.64,2024,3,8,15
237,21,446,115,Online,9,18.62,Paypal,5749.47,1070.55,4678.92,2024,1,29,12
238,90,121,14,Tienda física,3,22.32,Efectivo,2000.7,446.56,1554.14,2023,12,26,21
239,84,116,9,Tienda física,19,4.18,Transferencia,7598.29,317.61,7280.68,2024,1,13,15
240,16,461,40,Distribuidor,3,0.46,Tarjeta,1726.68,7.94,1718.74,2023,2,10,18
241,43,233,194,Tienda física,10,6.77,Transferencia,7518.7,509.02,7009.68,2023,5,10,14
242,27,259,25,Distribuidor,1,9.71,Efectivo,331.75,32.21,299.54,2024,1,17,12
243,35,359,103,Distribuidor,9,21.33,Efectivo,6161.04,1314.15,4846.89,2023,9,19,4
244,42,198,22,Tienda física,5,19.05,Tarjeta,1167.35,222.38,944.97,2025,8,5,20
245,34,456,4,Online,14,15.68,Efectivo,8522.08,1336.26,7185.82,2023,2,13,21
246,87,411,154,Online,18,7.48,Efectivo,4517.1,337.88,4179.22,2023,3,26,20
247,49,137,186,Tienda física,10,14.65,Transferencia,4819.2,706.01,4113.19,2023,10,18,18
248,83,318,29,Online,9,10.49,Transferencia,6919.92,725.9,6194.02,2024,3,31,16
249,76,165,109,Distribuidor,10,24.21,Paypal,1169.9,283.23,886.67,2023,9,13,17
250,20,225,98,Distribuidor,12,13.79,Efectivo,8746.44,1206.13,7540.31,2025,9,21,2
251,2,307,37,Tienda física,1,23.55,Efectivo,566.08,133.31,432.77,2025,2,23,7
252,65,234,75,Online,19,8.66,Efectivo,8962.11,776.12,8185.99,2023,10,21,12
253,86,172,70,Distribuidor,3,0.9,Tarjeta,182.13,1.64,180.49,2025,12,17,18
254,91,152,146,Tienda física,1,8.27,Transferencia,456.73,37.77,418.96,2023,6,9,3
255,75,463,128,Tienda física,1,9.44,Tarjeta,315.63,29.8,285.83,2023,6,29,19
256,59,315,85,Distribuidor,9,2.45,Efectivo,1425.06,34.91,1390.15,2023,5,28,5
257,68,374,42,Tienda física,13,1.0,Transferencia,1556.23,15.56,1540.67,2023,2,7,16
258,68,160,100,Online,11,12.3,Tarjeta,404.8,49.79,355.01,2024,9,21,11
259,57,96,41,Tienda física,5,23.34,Transferencia,647.6,151.15,496.45,2025,2,7,13
260,84,472,166,Online,10,16.96,Tarjeta,2408.7,408.52,2000.18,2024,6,12,20
261,35,233,34,Tienda física,1,6.14,Tarjeta,240.24,14.75,225.49,2025,1,6,16
262,51,180,17,Tienda física,12,23.56,Transferencia,233.52,55.02,178.5,2024,1,19,12
263,99,113,165,Tienda física,15,15.37,Paypal,8046.6,1236.76,6809.84,2023,2,24,18
264,84,318,153,Online,15,5.83,Paypal,454.35,26.49,427.86,2025,1,14,10
265,68,497,122,Distribuidor,10,0.42,Efectivo,1925.7,8.09,1917.61,2024,4,29,4
266,89,442,76,Distribuidor,17,24.02,Tarjeta,9558.25,2295.89,7262.36,2023,2,10,3
267,76,52,87,Online,13,21.69,Paypal,6572.02,1425.47,5146.55,2023,12,17,22
268,8,268,117,Tienda física,12,24.86,Paypal,7737.48,1923.54,5813.94,2023,1,6,2
269,26,295,106,Tienda física,18,14.99,Transferencia,4080.24,611.63,3468.61,2025,5,26,11
270,76,386,86,Tienda física,12,20.69,Transferencia,6748.68,1396.3,5352.38,2025,8,28,18
271,81,387,27,Distribuidor,2,1.23,Transferencia,1485.56,18.27,1467.29,2025,3,30,6
272,88,113,57,Online,4,2.63,Paypal,1414.44,37.2,1377.24,2025,11,13,13
273,14,101,31,Online,10,16.42,Paypal,2679.6,439.99,2239.61,2023,11,11,1
274,1,113,134,Distribuidor,7,24.62,Tarjeta,506.66,124.74,381.92,2023,12,30,1
275,58,440,168,Online,10,15.7,Paypal,3696.3,580.32,3115.98,2023,1,21,11
276,54,81,98,Tienda física,16,11.28,Paypal,11661.92,1315.46,10346.46,2023,10,16,21
277,20,187,12,Tienda física,3,9.75,Tarjeta,536.7,52.33,484.37,2025,7,7,23
278,22,113,53,Tienda física,1,6.12,Paypal,198.2,12.13,186.07,2025,8,11,4
279,5,2,199,Tienda física,13,4.78,Efectivo,1420.9,67.92,1352.98,2025,11,23,18
280,19,130,138,Online,5,23.22,Tarjeta,1970.85,457.63,1513.22,2025,10,22,22
281,27,220,173,Tienda física,7,13.1,Efectivo,4523.61,592.59,3931.02,2025,4,15,21
282,4,54,145,Distribuidor,13,11.88,Efectivo,8880.82,1055.04,7825.78,2024,1,15,13
283,57,343,154,Online,13,11.7,Efectivo,3262.35,381.69,2880.66,2025,10,16,0
284,68,485,190,Distribuidor,8,17.67,Tarjeta,2649.12,468.1,2181.02,2024,8,18,5
285,56,224,122,Tienda física,8,8.08,Paypal,1540.56,124.48,1416.08,2025,4,29,5
286,22,225,46,Tienda física,7,5.87,Efectivo,550.97,32.34,518.63,2024,3,29,9
287,94,385,64,Distribuidor,6,6.14,Paypal,4252.98,261.13,3991.85,2024,9,1,20
288,100,403,130,Online,2,7.48,Paypal,109.64,8.2,101.44,2023,6,16,11
289,88,126,54,Online,12,4.84,Tarjeta,5898.24,285.47,5612.77,2024,1,5,6
290,9,130,107,Tienda física,16,3.85,Paypal,936.8,36.07,900.73,2023,10,5,18
291,16,53,193,Distribuidor,14,9.48,Efectivo,5278.84,500.43,4778.41,2024,2,23,10
292,65,172,51,Online,8,8.78,Tarjeta,5235.44,459.67,4775.77,2025,7,13,21
293,11,218,181,Tienda física,13,3.15,Tarjeta,5560.62,175.16,5385.46,2023,9,24,2
294,87,160,36,Distribuidor,2,3.02,Tarjeta,1512.38,45.67,1466.71,2024,5,7,4
295,44,198,115,Distribuidor,5,11.84,Tarjeta,3194.15,378.19,2815.96,2023,8,6,14
296,44,416,26,Tienda física,15,24.53,Transferencia,947.55,232.43,715.12,2025,12,13,2
297,51,247,29,Distribuidor,19,2.63,Efectivo,14608.72,384.21,14224.51,2023,3,11,2
298,64,324,149,Online,4,14.82,Paypal,2547.08,377.48,2169.6,2023,11,5,23
299,87,439,11,Online,7,17.0,Tarjeta,4943.47,840.39,4103.08,2023,4,14,2
300,87,203,40,Online,18,3.67,Tarjeta,10360.08,380.21,9979.87,2023,4,3,4
301,87,184,11,Distribuidor,6,11.68,Tarjeta,4237.26,494.91,3742.35,2025,4,5,5
302,76,123,164,Distribuidor,18,4.2,Tarjeta,7473.78,313.9,7159.88,2023,7,22,22
303,92,401,113,Tienda física,5,11.27,Transferencia,988.85,111.44,877.41,2024,5,8,18
304,13,255,187,Tienda física,9,15.3,Efectivo,5342.58,817.41,4525.17,2023,6,20,17
305,59,294,39,Tienda física,8,0.01,Efectivo,5662.32,0.57,5661.75,2025,6,12,8
306,75,280,54,Tienda física,15,3.32,Transferencia,7372.8,244.78,7128.02,2025,9,10,0
307,81,325,98,Tienda física,2,20.24,Paypal,1457.74,295.05,1162.69,2025,9,18,3
308,91,372,55,Distribuidor,12,22.5,Tarjeta,5873.28,1321.49,4551.79,2024,5,25,22
309,26,98,111,Tienda física,17,0.79,Efectivo,8692.44,68.67,8623.77,2023,6,3,21
310,51,198,152,Distribuidor,5,11.08,Paypal,530.6,58.79,471.81,2024,1,1,10
311,27,470,150,Online,17,3.34,Efectivo,13184.52,440.36,12744.16,2024,8,29,1
312,12,395,69,Online,11,7.47,Paypal,8744.56,653.22,8091.34,2024,5,18,22
313,88,240,56,Online,2,3.89,Paypal,965.14,37.54,927.6,2025,11,5,8
314,1,144,33,Tienda física,2,18.88,Tarjeta,303.24,57.25,245.99,2025,11,30,22
315,54,97,36,Online,5,16.59,Efectivo,3780.95,627.26,3153.69,2024,8,29,4
316,76,201,148,Online,3,16.85,Tarjeta,1689.81,284.73,1405.08,2023,8,7,16
317,4,124,81,Online,17,2.22,Tarjeta,6811.56,151.22,6660.34,2025,9,2,14
318,19,187,190,Distribuidor,8,4.67,Efectivo,2649.12,123.71,2525.41,2024,1,5,13
319,70,326,109,Distribuidor,7,5.14,Transferencia,818.93,42.09,776.84,2025,8,6,20
320,13,464,154,Tienda física,19,6.49,Paypal,4768.05,309.45,4458.6,2024,3,30,7
321,72,349,194,Online,18,18.25,Efectivo,13533.66,2469.89,11063.77,2025,2,15,20
322,86,259,73,Tienda física,17,9.09,Efectivo,8141.81,740.09,7401.72,2025,11,12,20
323,84,148,40,Tienda física,12,21.22,Tarjeta,6906.72,1465.61,5441.11,2025,4,23,10
324,19,252,17,Tienda física,16,22.24,Paypal,311.36,69.25,242.11,2025,5,12,23
325,89,443,129,Tienda física,15,16.56,Tarjeta,4908.9,812.91,4095.99,2024,4,11,22
326,99,420,61,Distribuidor,13,13.58,Efectivo,9002.5,1222.54,7779.96,2024,8,16,0
327,46,403,171,Online,17,21.06,Efectivo,6240.53,1314.26,4926.27,2025,10,9,23
328,11,346,104,Online,10,19.87,Tarjeta,3245.7,644.92,2600.78,2023,8,11,11
329,86,451,42,Tienda física,9,8.31,Tarjeta,1077.39,89.53,987.86,2024,1,19,0
330,57,147,25,Distribuidor,11,8.38,Transferencia,3649.25,305.81,3343.44,2024,11,13,16
331,94,148,39,Tienda física,6,2.89,Tarjeta,4246.74,122.73,4124.01,2024,4,26,19
332,90,352,35,Tienda física,8,10.29,Tarjeta,1803.2,185.55,1617.65,2023,12,15,11
333,40,199,131,Distribuidor,14,10.22,Paypal,9067.66,926.71,8140.95,2025,7,9,21
334,1,308,108,Distribuidor,13,14.17,Efectivo,6062.55,859.06,5203.49,2023,7,9,12
335,84,489,172,Distribuidor,13,7.81,Tarjeta,10154.82,793.09,9361.73,2025,10,14,1
336,22,417,179,Tienda física,18,16.13,Tarjeta,8901.72,1435.85,7465.87,2023,5,1,18
337,13,424,102,Distribuidor,16,7.21,Tarjeta,6525.6,470.5,6055.1,2024,2,19,10
338,20,128,98,Online,9,15.85,Efectivo,6559.83,1039.73,5520.1,2024,5,8,0
339,73,39,12,Online,9,16.07,Transferencia,1610.1,258.74,1351.36,2023,1,16,9
340,54,338,19,Online,18,4.83,Paypal,7263.72,350.84,6912.88,2025,7,29,19
341,90,360,101,Distribuidor,9,0.18,Tarjeta,6386.4,11.5,6374.9,2025,10,22,21
342,54,129,44,Tienda física,15,19.34,Paypal,8422.95,1629.0,6793.95,2024,7,6,23
343,97,267,187,Tienda física,2,3.01,Tarjeta,1187.24,35.74,1151.5,2024,11,19,15
344,70,476,49,Online,11,7.77,Efectivo,5992.03,465.58,5526.45,2025,2,28,18
345,89,441,189,Online,7,11.13,Paypal,2233.77,248.62,1985.15,2023,12,2,1
346,79,473,17,Online,11,9.64,Transferencia,214.06,20.64,193.42,2024,1,7,21
347,33,434,74,Distribuidor,14,10.15,Tarjeta,5064.92,514.09,4550.83,2025,9,4,7
348,84,151,57,Distribuidor,10,24.29,Efectivo,3536.1,858.92,2677.18,2024,9,27,8
349,95,415,55,Online,16,13.79,Paypal,7831.04,1079.9,6751.14,2023,9,18,12
350,16,478,47,Distribuidor,17,24.5,Paypal,9774.32,2394.71,7379.61,2025,2,25,6
351,81,298,12,Distribuidor,8,15.21,Efectivo,1431.2,217.69,1213.51,2023,9,13,18
352,89,99,62,Online,10,0.09,Paypal,2629.3,2.37,2626.93,2024,10,6,12
353,90,263,80,Online,7,19.6,Paypal,5087.11,997.07,4090.04,2024,5,24,0
354,81,252,83,Online,8,11.83,Efectivo,3464.32,409.83,3054.49,2025,1,20,5
355,1,144,8,Distribuidor,17,5.78,Transferencia,9697.14,560.49,9136.65,2023,4,4,23
356,90,346,149,Distribuidor,4,0.34,Tarjeta,2547.08,8.66,2538.42,2024,8,9,2
357,97,112,81,Tienda física,16,24.59,Efectivo,6410.88,1576.44,4834.44,2024,12,7,16
358,16,500,118,Tienda física,6,5.26,Transferencia,1105.86,58.17,1047.69,2024,12,24,10
359,11,60,198,Tienda física,13,11.95,Paypal,6621.03,791.21,5829.82,2025,8,31,16
360,50,369,200,Tienda física,3,1.43,Efectivo,565.77,8.09,557.68,2025,9,17,20
361,79,2,25,Tienda física,8,18.79,Paypal,2654.0,498.69,2155.31,2023,2,9,10
362,68,385,89,Distribuidor,11,7.02,Tarjeta,7398.16,519.35,6878.81,2025,7,2,14
363,46,304,12,Tienda física,15,8.45,Paypal,2683.5,226.76,2456.74,2023,9,24,8
364,50,254,143,Distribuidor,7,15.55,Transferencia,1244.04,193.45,1050.59,2025,10,21,1
365,72,140,59,Distribuidor,4,4.49,Paypal,549.24,24.66,524.58,2023,5,16,11
366,70,453,154,Tienda física,1,7.72,Tarjeta,250.95,19.37,231.58,2025,2,10,9
367,66,37,109,Tienda física,10,0.44,Transferencia,1169.9,5.15,1164.75,2024,4,29,18
368,45,160,26,Tienda física,1,0.13,Tarjeta,63.17,0.08,63.09,2024,4,5,3
369,21,9,47,Tienda física,14,16.83,Efectivo,8049.44,1354.72,6694.72,2025,2,20,6
370,79,233,32,Online,4,12.61,Transferencia,2940.4,370.78,2569.62,2025,2,28,18
371,87,99,10,Tienda física,9,17.61,Efectivo,3378.06,594.88,2783.18,2025,10,28,3
372,21,147,16,Online,7,20.31,Efectivo,3935.47,799.29,3136.18,2024,1,9,13
373,16,304,199,Online,18,20.73,Tarjeta,1967.4,407.84,1559.56,2025,6,15,12
374,38,208,145,Tienda física,10,11.11,Paypal,6831.4,758.97,6072.43,2024,1,22,3
375,91,131,151,Distribuidor,17,12.47,Transferencia,4068.44,507.33,3561.11,2024,5,5,9
376,44,404,26,Online,12,4.46,Paypal,758.04,33.81,724.23,2024,3,9,20
377,19,152,86,Distribuidor,16,0.65,Efectivo,8998.24,58.49,8939.75,2024,7,26,8
378,94,54,135,Online,3,7.54,Transferencia,158.31,11.94,146.37,2025,6,4,21
379,56,120,14,Tienda física,7,0.33,Efectivo,4668.3,15.41,4652.89,2023,6,14,14
380,13,161,79,Online,1,9.55,Transferencia,561.86,53.66,508.2,2025,12,23,1
381,75,408,117,Distribuidor,12,16.12,Tarjeta,7737.48,1247.28,6490.2,2024,10,23,4
382,64,116,7,Distribuidor,7,4.8,Efectivo,1340.99,64.37,1276.62,2024,9,10,4
383,25,75,137,Online,4,10.36,Tarjeta,1548.24,160.4,1387.84,2025,2,2,18
384,72,113,115,Distribuidor,8,24.1,Tarjeta,5110.64,1231.66,3878.98,2023,12,13,21
385,16,456,176,Distribuidor,16,21.15,Transferencia,7170.88,1516.64,5654.24,2024,4,30,10
386,100,420,72,Online,6,10.93,Tarjeta,4058.94,443.64,3615.3,2025,11,8,10
387,99,422,59,Online,6,8.06,Efectivo,823.86,66.4,757.46,2025,3,17,13
388,27,104,82,Distribuidor,12,9.09,Efectivo,1835.52,166.85,1668.67,2024,9,8,9
389,22,340,116,Distribuidor,16,6.86,Paypal,8293.12,568.91,7724.21,2024,5,19,20
390,45,254,167,Online,7,24.73,Tarjeta,3931.13,972.17,2958.96,2024,3,3,13
391,84,227,146,Tienda física,19,19.86,Efectivo,8677.87,1723.42,6954.45,2024,11,2,22
392,66,112,187,Distribuidor,13,13.95,Transferencia,7717.06,1076.53,6640.53,2024,3,19,16
393,45,473,103,Distribuidor,14,6.03,Tarjeta,9583.84,577.91,9005.93,2025,4,10,2
394,34,99,17,Online,11,4.95,Paypal,214.06,10.6,203.46,2024,2,1,11
395,86,153,14,Tienda física,16,21.36,Paypal,10670.4,2279.2,8391.2,2023,8,13,0
396,54,349,159,Distribuidor,3,23.27,Tarjeta,678.87,157.97,520.9,2025,9,18,1
397,64,402,152,Distribuidor,2,21.2,Transferencia,212.24,44.99,167.25,2025,10,15,11
398,40,384,108,Distribuidor,19,12.24,Tarjeta,8860.65,1084.54,7776.11,2025,5,17,2
399,57,366,188,Online,13,6.39,Efectivo,3055.52,195.25,2860.27,2024,8,20,16
400,16,338,45,Distribuidor,7,16.41,Efectivo,1801.73,295.66,1506.07,2025,9,27,14
401,22,194,98,Online,10,3.38,Efectivo,7288.7,246.36,7042.34,2023,5,15,15
402,22,310,131,Tienda física,11,21.81,Efectivo,7124.59,1553.87,5570.72,2023,10,28,14
403,94,163,37,Tienda física,4,11.68,Paypal,2264.32,264.47,1999.85,2024,9,10,7
404,43,208,171,Tienda física,10,0.68,Transferencia,3670.9,24.96,3645.94,2023,4,16,1
405,57,445,168,Online,11,3.16,Transferencia,4065.93,128.48,3937.45,2023,1,9,0
406,89,169,183,Online,15,5.32,Efectivo,4669.2,248.4,4420.8,2025,2,14,14
407,98,484,108,Online,4,22.12,Paypal,1865.4,412.63,1452.77,2024,5,11,3
408,43,161,39,Distribuidor,8,9.59,Tarjeta,5662.32,543.02,5119.3,2025,8,30,15
409,38,68,15,Tienda física,1,5.84,Transferencia,427.21,24.95,402.26,2025,2,20,12
410,57,289,120,Online,9,12.64,Efectivo,1433.16,181.15,1252.01,2023,12,20,22
411,97,398,4,Tienda física,9,5.18,Efectivo,5478.48,283.79,5194.69,2024,9,25,9
412,25,277,93,Tienda física,10,1.72,Tarjeta,1069.8,18.4,1051.4,2024,4,16,2
413,33,304,153,Distribuidor,12,21.33,Tarjeta,363.48,77.53,285.95,2023,6,21,2
414,79,404,141,Tienda física,5,10.28,Paypal,3799.5,390.59,3408.91,2024,2,13,19
415,90,384,161,Distribuidor,9,2.22,Paypal,2455.83,54.52,2401.31,2024,11,9,3
416,57,392,16,Online,10,22.19,Transferencia,5622.1,1247.54,4374.56,2025,10,20,14
417,27,135,170,Tienda física,15,0.0,Transferencia,2932.05,0.0,2932.05,2025,11,20,3
418,42,195,108,Distribuidor,16,4.81,Transferencia,7461.6,358.9,7102.7,2023,11,18,14
419,53,401,126,Online,1,1.79,Tarjeta,710.42,12.72,697.7,2024,2,12,16
420,2,128,194,Online,16,8.16,Tarjeta,12029.92,981.64,11048.28,2023,3,18,16
421,51,33,55,Tienda física,6,23.45,Transferencia,2936.64,688.64,2248.0,2024,12,8,14
422,2,176,170,Distribuidor,13,22.79,Transferencia,2541.11,579.12,1961.99,2025,10,30,15
423,94,460,34,Tienda física,8,12.17,Efectivo,1921.92,233.9,1688.02,2025,7,2,16
424,5,443,158,Distribuidor,1,8.35,Efectivo,181.73,15.17,166.56,2025,2,25,4
425,10,371,13,Tienda física,2,21.2,Efectivo,906.52,192.18,714.34,2025,2,22,0
426,65,470,141,Distribuidor,12,7.58,Efectivo,9118.8,691.21,8427.59,2025,7,27,6
427,99,375,18,Online,5,16.86,Tarjeta,1928.95,325.22,1603.73,2023,9,21,9
428,8,22,160,Distribuidor,13,19.38,Efectivo,1639.04,317.65,1321.39,2023,3,15,5
429,79,238,96,Tienda física,7,7.84,Efectivo,2555.63,200.36,2355.27,2024,2,13,15
430,64,158,123,Online,5,23.92,Efectivo,744.6,178.11,566.49,2025,12,24,14
431,91,38,39,Online,8,7.03,Efectivo,5662.32,398.06,5264.26,2025,11,7,14
432,72,230,46,Tienda física,19,5.43,Transferencia,1495.49,81.21,1414.28,2025,6,24,9
433,99,365,29,Tienda física,14,17.41,Efectivo,10764.32,1874.07,8890.25,2023,6,1,0
434,35,51,190,Tienda física,15,20.52,Paypal,4967.1,1019.25,3947.85,2023,3,19,21
435,53,438,62,Tienda física,10,10.03,Transferencia,2629.3,263.72,2365.58,2024,5,19,15
436,70,264,185,Tienda física,3,9.96,Efectivo,838.11,83.48,754.63,2025,1,20,8
437,49,283,16,Online,2,5.79,Efectivo,1124.42,65.1,1059.32,2023,8,26,10
438,94,27,184,Distribuidor,13,24.76,Tarjeta,6711.51,1661.77,5049.74,2025,5,27,17
439,3,226,121,Tienda física,3,19.61,Transferencia,1323.24,259.49,1063.75,2024,3,15,3
440,46,277,10,Online,17,21.5,Paypal,6380.78,1371.87,5008.91,2025,12,26,9
441,86,286,158,Tienda física,4,23.98,Transferencia,726.92,174.32,552.6,2023,4,29,22
442,62,97,153,Online,18,10.07,Efectivo,545.22,54.9,490.32,2023,7,24,19
443,66,284,103,Distribuidor,5,13.76,Transferencia,3422.8,470.98,2951.82,2024,6,24,12
444,59,367,84,Distribuidor,4,12.13,Transferencia,2280.92,276.68,2004.24,2025,4,9,5
445,34,448,133,Tienda física,2,2.75,Efectivo,383.68,10.55,373.13,2025,7,1,9
446,19,481,65,Distribuidor,1,14.27,Paypal,207.58,29.62,177.96,2023,5,21,3
447,58,453,177,Tienda física,19,21.47,Efectivo,817.76,175.57,642.19,2023,9,21,16
448,94,317,3,Tienda física,14,8.91,Efectivo,1563.1,139.27,1423.83,2023,8,6,11
449,81,304,173,Online,4,12.62,Tarjeta,2584.92,326.22,2258.7,2024,2,1,18
450,35,147,142,Tienda física,10,17.8,Efectivo,1430.5,254.63,1175.87,2024,9,14,13
451,56,4,120,Online,7,8.0,Tarjeta,1114.68,89.17,1025.51,2024,1,9,17
452,21,35,158,Online,8,8.19,Transferencia,1453.84,119.07,1334.77,2024,11,25,9
453,64,192,68,Online,16,21.59,Efectivo,4871.84,1051.83,3820.01,2023,4,30,5
454,8,49,146,Distribuidor,3,3.16,Efectivo,1370.19,43.3,1326.89,2023,10,8,12
455,81,17,190,Online,3,7.38,Transferencia,993.42,73.31,920.11,2024,10,31,2
456,38,172,37,Online,1,0.45,Efectivo,566.08,2.55,563.53,2023,10,30,4
457,53,220,153,Tienda física,2,2.08,Transferencia,60.58,1.26,59.32,2025,9,29,0
458,35,158,176,Tienda física,15,11.21,Transferencia,6722.7,753.61,5969.09,2025,3,19,7
459,75,477,193,Tienda física,4,2.12,Efectivo,1508.24,31.97,1476.27,2023,10,23,2
460,38,46,181,Distribuidor,6,9.5,Transferencia,2566.44,243.81,2322.63,2023,5,8,23
461,33,373,73,Distribuidor,16,21.79,Paypal,7662.88,1669.74,5993.14,2025,7,6,6
462,92,6,143,Distribuidor,11,3.01,Efectivo,1954.92,58.84,1896.08,2023,8,13,19
463,9,99,49,Online,16,7.22,Paypal,8715.68,629.27,8086.41,2024,3,15,12
464,81,380,121,Distribuidor,3,13.26,Efectivo,1323.24,175.46,1147.78,2025,4,8,17
465,21,233,88,Online,10,6.28,Efectivo,3880.0,243.66,3636.34,2025,4,16,23
466,34,37,196,Distribuidor,7,19.33,Paypal,1656.41,320.18,1336.23,2023,6,16,4
467,94,280,140,Distribuidor,6,3.55,Transferencia,3400.02,120.7,3279.32,2023,2,23,7
468,20,349,187,Tienda física,15,5.04,Paypal,8904.3,448.78,8455.52,2025,3,11,4
469,98,497,37,Online,13,24.62,Paypal,7359.04,1811.8,5547.24,2023,4,22,23
470,54,302,61,Distribuidor,14,0.91,Transferencia,9695.0,88.22,9606.78,2024,7,14,12
471,90,181,171,Tienda física,9,17.99,Paypal,3303.81,594.36,2709.45,2024,5,11,17
472,8,95,124,Distribuidor,8,15.89,Tarjeta,2210.48,351.25,1859.23,2025,4,25,12
473,70,99,198,Distribuidor,14,18.13,Tarjeta,7130.34,1292.73,5837.61,2023,1,18,15
474,99,188,39,Distribuidor,19,1.47,Paypal,13448.01,197.69,13250.32,2025,3,30,23
475,72,481,184,Tienda física,2,4.98,Paypal,1032.54,51.42,981.12,2023,7,13,5
476,58,116,63,Distribuidor,7,22.59,Tarjeta,4382.49,990.0,3392.49,2024,12,15,1
477,14,191,46,Tienda física,3,7.6,Efectivo,236.13,17.95,218.18,2025,7,20,5
478,16,253,88,Distribuidor,15,8.6,Tarjeta,5820.0,500.52,5319.48,2025,9,17,8
479,3,469,11,Distribuidor,8,24.5,Paypal,5649.68,1384.17,4265.51,2023,9,9,4
480,92,416,62,Tienda física,18,3.47,Efectivo,4732.74,164.23,4568.51,2025,4,24,5
481,89,471,77,Distribuidor,8,14.95,Paypal,3397.92,507.99,2889.93,2023,8,22,0
482,26,161,153,Tienda física,5,18.29,Efectivo,151.45,27.7,123.75,2023,3,22,4
483,65,256,199,Online,17,12.78,Efectivo,1858.1,237.47,1620.63,2024,8,12,0
484,68,323,52,Tienda física,17,0.47,Efectivo,13083.88,61.49,13022.39,2023,10,9,16
485,5,128,4,Distribuidor,12,3.27,Transferencia,7304.64,238.86,7065.78,2023,8,22,21
486,27,18,59,Tienda física,10,20.54,Transferencia,1373.1,282.03,1091.07,2024,8,29,18
487,19,281,72,Online,3,11.62,Transferencia,2029.47,235.82,1793.65,2023,2,4,8
488,42,490,148,Distribuidor,13,17.98,Paypal,7322.51,1316.59,6005.92,2023,7,9,6
489,26,223,93,Online,16,2.33,Transferencia,1711.68,39.88,1671.8,2024,9,26,18
490,59,54,63,Distribuidor,5,4.2,Transferencia,3130.35,131.47,2998.88,2024,6,17,17
491,34,58,54,Tienda física,5,3.35,Tarjeta,2457.6,82.33,2375.27,2025,8,2,13
492,57,323,117,Distribuidor,1,7.63,Paypal,644.79,49.2,595.59,2024,8,22,3
493,75,360,110,Distribuidor,18,1.61,Transferencia,8106.84,130.52,7976.32,2024,1,20,17
494,79,174,74,Tienda física,5,2.0,Tarjeta,1808.9,36.18,1772.72,2024,3,14,17
495,99,280,107,Online,2,24.53,Efectivo,117.1,28.72,88.38,2023,11,13,10
496,21,114,57,Tienda física,3,8.17,Transferencia,1060.83,86.67,974.16,2023,3,28,7
497,78,288,169,Distribuidor,13,2.78,Transferencia,1830.53,50.89,1779.64,2023,4,18,3
498,1,431,3,Online,15,4.79,Paypal,1674.75,80.22,1594.53,2024,6,7,15
499,97,342,120,Online,2,16.31,Transferencia,318.48,51.94,266.54,2024,9,1,8
500,65,151,6,Distribuidor,9,24.36,Efectivo,608.58,148.25,460.33,2025,1,7,16
501,11,450,5,Online,3,17.24,Efectivo,1353.12,233.28,1119.84,2024,12,20,23
502,34,127,5,Tienda física,7,7.54,Paypal,3157.28,238.06,2919.22,2024,8,21,13
503,56,155,54,Online,19,18.8,Transferencia,9338.88,1755.71,7583.17,2024,1,6,16
504,35,490,47,Distribuidor,17,13.68,Tarjeta,9774.32,1337.13,8437.19,2024,6,20,17
505,62,386,177,Online,13,5.93,Efectivo,559.52,33.18,526.34,2024,12,8,16
506,16,474,9,Online,5,2.26,Paypal,1999.55,45.19,1954.36,2023,9,2,20
507,84,273,99,Tienda física,1,0.23,Efectivo,426.97,0.98,425.99,2023,1,21,6
508,86,104,20,Distribuidor,12,23.76,Paypal,6037.92,1434.61,4603.31,2023,12,30,12
509,3,417,122,Distribuidor,11,7.26,Transferencia,2118.27,153.79,1964.48,2023,8,12,10
510,45,393,61,Distribuidor,19,17.11,Transferencia,13157.5,2251.25,10906.25,2023,6,17,18
511,53,299,123,Distribuidor,17,17.76,Paypal,2531.64,449.62,2082.02,2025,12,5,14
512,91,246,163,Distribuidor,13,19.7,Paypal,8434.53,1661.6,6772.93,2025,12,12,16
513,3,176,178,Distribuidor,18,15.05,Paypal,1924.02,289.57,1634.45,2024,1,4,0
514,19,39,82,Tienda física,16,19.65,Tarjeta,2447.36,480.91,1966.45,2023,4,6,4
515,8,477,62,Distribuidor,9,12.49,Transferencia,2366.37,295.56,2070.81,2023,2,8,8
516,50,170,145,Distribuidor,2,15.6,Tarjeta,1366.28,213.14,1153.14,2023,5,14,8
517,13,247,3,Distribuidor,2,23.4,Paypal,223.3,52.25,171.05,2025,11,25,21
518,2,26,160,Online,13,16.32,Transferencia,1639.04,267.49,1371.55,2023,4,4,21
519,78,355,13,Online,16,9.73,Transferencia,7252.16,705.64,6546.52,2023,3,24,9
520,97,306,120,Distribuidor,18,22.33,Transferencia,2866.32,640.05,2226.27,2025,7,6,21
521,44,409,125,Tienda física,17,23.94,Efectivo,8525.16,2040.92,6484.24,2024,7,5,16
522,42,408,89,Tienda física,2,4.11,Paypal,1345.12,55.28,1289.84,2024,2,12,1
523,99,13,73,Distribuidor,17,8.27,Transferencia,8141.81,673.33,7468.48,2025,7,3,23
524,8,316,68,Tienda física,12,3.41,Tarjeta,3653.88,124.6,3529.28,2024,2,10,20
525,88,391,142,Tienda física,16,24.25,Tarjeta,2288.8,555.03,1733.77,2023,11,8,22
526,62,313,101,Distribuidor,3,3.53,Paypal,2128.8,75.15,2053.65,2025,8,19,20
527,22,36,98,Tienda física,2,9.37,Transferencia,1457.74,136.59,1321.15,2024,8,9,10
528,19,173,11,Online,4,7.9,Transferencia,2824.84,223.16,2601.68,2025,7,5,11
529,26,20,105,Distribuidor,10,9.52,Paypal,4368.5,415.88,3952.62,2024,1,20,1
530,42,321,184,Tienda física,4,17.68,Paypal,2065.08,365.11,1699.97,2023,6,14,19
531,79,264,67,Online,4,13.51,Paypal,64.68,8.74,55.94,2023,1,9,23
532,2,494,123,Distribuidor,4,8.92,Transferencia,595.68,53.13,542.55,2023,9,1,8
533,53,400,29,Tienda física,19,24.79,Transferencia,14608.72,3621.5,10987.22,2025,8,6,14
534,73,142,137,Online,6,20.02,Paypal,2322.36,464.94,1857.42,2025,3,3,13
535,45,460,195,Online,17,24.42,Transferencia,2929.95,715.49,2214.46,2023,12,2,6
536,46,371,153,Tienda física,17,17.09,Transferencia,514.93,88.0,426.93,2024,3,31,14
537,27,471,76,Tienda física,4,16.83,Transferencia,2249.0,378.51,1870.49,2024,12,25,6
538,70,143,170,Online,17,13.43,Transferencia,3322.99,446.28,2876.71,2025,4,16,1
539,35,92,9,Distribuidor,5,9.65,Efectivo,1999.55,192.96,1806.59,2023,8,9,6
540,51,354,40,Tienda física,12,8.82,Efectivo,6906.72,609.17,6297.55,2024,6,17,9
541,64,322,25,Tienda física,15,17.83,Efectivo,4976.25,887.27,4088.98,2023,1,23,4
542,76,288,5,Online,2,7.82,Transferencia,902.08,70.54,831.54,2025,2,20,1
543,97,215,139,Online,8,12.8,Tarjeta,3872.0,495.62,3376.38,2025,4,7,3
544,22,447,187,Distribuidor,19,2.05,Tarjeta,11278.78,231.21,11047.57,2023,9,17,22
545,84,342,124,Online,15,0.55,Tarjeta,4144.65,22.8,4121.85,2023,5,28,2
546,58,51,38,Tienda física,6,10.25,Efectivo,333.72,34.21,299.51,2023,6,22,7
547,66,153,72,Online,7,17.31,Paypal,4735.43,819.7,3915.73,2025,7,29,20
548,76,186,133,Distribuidor,2,9.34,Paypal,383.68,35.84,347.84,2025,2,18,15
549,58,63,176,Tienda física,6,15.56,Tarjeta,2689.08,418.42,2270.66,2024,8,19,11
550,65,190,90,Tienda física,18,12.49,Paypal,3626.64,452.97,3173.67,2025,9,6,20
551,68,125,146,Distribuidor,3,7.1,Transferencia,1370.19,97.28,1272.91,2024,4,6,6
552,21,150,198,Tienda física,1,23.66,Transferencia,509.31,120.5,388.81,2024,9,21,7
553,11,314,37,Online,5,17.48,Efectivo,2830.4,494.75,2335.65,2025,5,15,8
554,14,58,60,Tienda física,11,17.25,Transferencia,3881.79,669.61,3212.18,2024,10,30,20
555,22,342,176,Distribuidor,17,21.44,Tarjeta,7619.06,1633.53,5985.53,2025,8,26,8
556,98,305,28,Distribuidor,3,19.35,Paypal,2314.59,447.87,1866.72,2025,11,8,11
557,8,180,197,Online,8,4.1,Transferencia,4106.0,168.35,3937.65,2023,8,2,17
558,83,170,81,Online,15,6.66,Efectivo,6010.2,400.28,5609.92,2025,7,21,11
559,51,326,114,Online,1,7.53,Transferencia,482.38,36.32,446.06,2023,12,20,14
560,81,271,40,Tienda física,9,8.42,Tarjeta,5180.04,436.16,4743.88,2025,3,7,1
561,38,54,45,Tienda física,17,9.65,Tarjeta,4375.63,422.25,3953.38,2023,12,21,22
562,57,491,62,Distribuidor,11,14.3,Efectivo,2892.23,413.59,2478.64,2025,8,30,23
563,65,444,93,Online,9,14.35,Transferencia,962.82,138.16,824.66,2025,1,18,21
564,100,101,115,Online,10,17.63,Paypal,6388.3,1126.26,5262.04,2024,3,28,9
565,26,481,186,Tienda física,16,16.09,Tarjeta,7710.72,1240.65,6470.07,2025,8,17,11
566,91,264,67,Online,16,9.19,Tarjeta,258.72,23.78,234.94,2025,4,23,6
567,87,53,56,Tienda física,10,2.86,Tarjeta,4825.7,138.02,4687.68,2025,11,1,20
568,8,60,40,Online,9,20.01,Tarjeta,5180.04,1036.53,4143.51,2023,4,3,11
569,73,492,98,Distribuidor,1,21.47,Transferencia,728.87,156.49,572.38,2023,10,30,22
570,46,108,40,Distribuidor,19,10.78,Efectivo,10935.64,1178.86,9756.78,2023,3,20,22
571,13,5,91,Distribuidor,12,17.04,Paypal,2206.68,376.02,1830.66,2023,7,5,14
572,66,103,33,Distribuidor,6,24.62,Transferencia,909.72,223.97,685.75,2024,3,21,12
573,22,196,6,Online,10,0.65,Paypal,676.2,4.4,671.8,2024,4,25,19
574,2,262,147,Tienda física,11,15.94,Paypal,2939.53,468.56,2470.97,2024,10,10,6
575,65,365,80,Distribuidor,18,8.22,Efectivo,13081.14,1075.27,12005.87,2023,1,18,9
576,89,480,168,Tienda física,17,24.92,Transferencia,6283.71,1565.9,4717.81,2024,2,16,19
577,16,372,92,Online,18,8.72,Tarjeta,7280.64,634.87,6645.77,2025,3,21,10
578,99,350,97,Tienda física,11,12.63,Tarjeta,329.23,41.58,287.65,2025,4,15,19
579,64,47,59,Distribuidor,7,24.13,Transferencia,961.17,231.93,729.24,2025,9,1,8
580,21,355,59,Online,7,2.08,Efectivo,961.17,19.99,941.18,2025,9,16,6
581,59,311,48,Distribuidor,13,4.59,Tarjeta,947.7,43.5,904.2,2024,7,22,19
582,70,424,169,Distribuidor,7,23.51,Transferencia,985.67,231.73,753.94,2023,1,19,0
583,51,308,13,Distribuidor,6,5.43,Efectivo,2719.56,147.67,2571.89,2024,7,24,17
584,92,144,107,Online,12,17.03,Transferencia,702.6,119.65,582.95,2025,11,8,14
585,43,269,45,Online,8,12.35,Transferencia,2059.12,254.3,1804.82,2024,11,29,4
586,83,370,89,Tienda física,16,11.25,Efectivo,10760.96,1210.61,9550.35,2024,2,21,20
587,12,124,181,Tienda física,7,24.97,Efectivo,2994.18,747.65,2246.53,2025,12,8,18
588,44,106,170,Online,7,4.06,Transferencia,1368.29,55.55,1312.74,2023,9,4,10
589,33,158,100,Online,8,6.19,Transferencia,294.4,18.22,276.18,2024,9,11,7
590,5,147,191,Online,10,22.62,Tarjeta,2508.7,567.47,1941.23,2025,9,7,21
591,27,145,155,Tienda física,17,21.37,Transferencia,13242.15,2829.85,10412.3,2025,4,4,0
592,51,120,166,Online,16,2.94,Paypal,3853.92,113.31,3740.61,2025,3,10,21
593,68,319,188,Tienda física,17,23.57,Efectivo,3995.68,941.78,3053.9,2025,5,16,7
594,14,275,7,Tienda física,4,20.93,Paypal,766.28,160.38,605.9,2025,6,16,14
595,34,92,133,Distribuidor,11,19.0,Efectivo,2110.24,400.95,1709.29,2025,11,10,19
596,78,58,45,Tienda física,1,17.79,Paypal,257.39,45.79,211.6,2023,3,24,1
597,59,439,58,Online,1,11.75,Paypal,714.71,83.98,630.73,2024,7,22,12
598,94,346,31,Online,4,18.69,Paypal,1071.84,200.33,871.51,2024,7,6,9
599,48,229,23,Distribuidor,11,3.66,Tarjeta,3319.14,121.48,3197.66,2024,10,10,22
600,12,474,170,Distribuidor,5,10.92,Tarjeta,977.35,106.73,870.62,2023,8,19,13
601,2,117,138,Online,6,11.48,Paypal,2365.02,271.5,2093.52,2025,3,6,6
602,100,318,160,Tienda física,7,0.7,Tarjeta,882.56,6.18,876.38,2024,10,4,19
603,38,279,107,Tienda física,15,4.96,Efectivo,878.25,43.56,834.69,2023,2,21,9
604,59,127,181,Online,18,23.81,Transferencia,7699.32,1833.21,5866.11,2023,4,30,11
605,38,393,158,Online,1,2.38,Paypal,181.73,4.33,177.4,2023,12,22,1
606,20,396,39,Tienda física,10,18.89,Tarjeta,7077.9,1337.02,5740.88,2024,1,11,23
607,48,129,159,Online,7,20.48,Transferencia,1584.03,324.41,1259.62,2024,8,14,6
608,40,58,82,Tienda física,17,13.01,Transferencia,2600.32,338.3,2262.02,2024,11,1,18
609,95,122,100,Online,16,15.83,Paypal,588.8,93.21,495.59,2025,2,3,2
610,81,1,2,Tienda física,14,7.46,Transferencia,5474.28,408.38,5065.9,2025,10,7,19
611,94,239,77,Online,5,22.13,Tarjeta,2123.7,469.97,1653.73,2023,4,29,18
612,27,290,12,Tienda física,6,12.61,Paypal,1073.4,135.36,938.04,2023,9,30,19
613,97,96,39,Tienda física,10,23.89,Efectivo,7077.9,1690.91,5386.99,2024,12,5,5
614,87,126,194,Distribuidor,3,18.25,Paypal,2255.61,411.65,1843.96,2025,8,13,3
615,92,118,13,Tienda física,12,8.65,Transferencia,5439.12,470.48,4968.64,2024,1,1,1
616,10,48,46,Distribuidor,3,10.12,Tarjeta,236.13,23.9,212.23,2023,12,21,16
617,91,89,155,Online,3,2.41,Paypal,2336.85,56.32,2280.53,2024,7,30,0
618,72,488,113,Online,13,17.66,Tarjeta,2571.01,454.04,2116.97,2025,9,7,5
619,72,237,17,Distribuidor,8,22.46,Tarjeta,155.68,34.97,120.71,2024,2,23,9
620,56,373,104,Tienda física,3,21.15,Efectivo,973.71,205.94,767.77,2025,7,14,14
621,94,385,98,Distribuidor,5,23.64,Tarjeta,3644.35,861.52,2782.83,2024,8,11,13
622,95,272,188,Online,1,15.21,Efectivo,235.04,35.75,199.29,2024,3,23,9
623,38,189,192,Online,12,19.48,Paypal,1727.88,336.59,1391.29,2025,1,14,17
624,84,487,88,Online,14,8.12,Efectivo,5432.0,441.08,4990.92,2023,9,24,16
625,5,192,109,Tienda física,11,10.72,Tarjeta,1286.89,137.95,1148.94,2023,4,4,3
626,56,447,163,Distribuidor,17,2.52,Transferencia,11029.77,277.95,10751.82,2024,11,9,5
627,64,69,70,Tienda física,13,21.58,Transferencia,789.23,170.32,618.91,2024,9,24,0
628,1,278,158,Tienda física,3,15.64,Transferencia,545.19,85.27,459.92,2023,10,31,10
629,40,349,199,Tienda física,3,4.35,Tarjeta,327.9,14.26,313.64,2023,1,9,15
630,68,247,74,Distribuidor,7,10.42,Transferencia,2532.46,263.88,2268.58,2024,6,1,0
631,62,451,63,Online,4,6.99,Tarjeta,2504.28,175.05,2329.23,2023,1,29,16
632,90,76,156,Tienda física,17,4.97,Transferencia,6838.25,339.86,6498.39,2023,10,28,23
633,43,154,60,Tienda física,14,20.78,Tarjeta,4940.46,1026.63,3913.83,2024,6,15,4
634,8,144,79,Online,7,9.51,Paypal,3933.02,374.03,3558.99,2023,8,16,21
635,9,435,37,Online,16,13.7,Tarjeta,9057.28,1240.85,7816.43,2025,12,21,6
636,4,485,22,Tienda física,4,24.15,Efectivo,933.88,225.53,708.35,2025,2,2,3
637,16,86,196,Online,10,17.8,Efectivo,2366.3,421.2,1945.1,2025,5,18,0
638,20,185,148,Online,14,21.6,Transferencia,7885.78,1703.33,6182.45,2023,10,30,3
639,90,285,96,Tienda física,5,7.64,Transferencia,1825.45,139.46,1685.99,2023,1,3,16
640,81,462,68,Distribuidor,9,22.23,Efectivo,2740.41,609.19,2131.22,2025,1,7,13
641,68,220,192,Online,2,15.33,Tarjeta,287.98,44.15,243.83,2025,9,11,8
642,97,69,17,Distribuidor,3,19.46,Transferencia,58.38,11.36,47.02,2025,5,26,5
643,57,47,12,Online,1,16.98,Transferencia,178.9,30.38,148.52,2023,12,15,15
644,54,497,150,Distribuidor,16,23.94,Transferencia,12408.96,2970.71,9438.25,2023,7,31,1
645,4,94,145,Tienda física,1,9.58,Tarjeta,683.14,65.44,617.7,2024,1,2,12
646,34,238,138,Online,2,3.7,Transferencia,788.34,29.17,759.17,2023,1,4,4
647,65,446,118,Distribuidor,2,4.02,Paypal,368.62,14.82,353.8,2024,7,23,19
648,43,500,193,Online,13,13.5,Efectivo,4901.78,661.74,4240.04,2024,1,9,2
649,16,453,22,Tienda física,16,22.85,Efectivo,3735.52,853.57,2881.95,2025,6,14,17
650,95,204,120,Distribuidor,15,1.19,Tarjeta,2388.6,28.42,2360.18,2023,3,9,20
651,64,400,50,Distribuidor,1,16.02,Efectivo,463.62,74.27,389.35,2024,8,10,1
652,65,218,14,Distribuidor,15,22.42,Tarjeta,10003.5,2242.78,7760.72,2024,11,26,15
653,92,474,192,Distribuidor,7,14.11,Paypal,1007.93,142.22,865.71,2024,11,15,19
654,4,432,175,Distribuidor,10,16.28,Transferencia,6496.0,1057.55,5438.45,2023,6,22,6
655,42,341,29,Online,7,12.33,Tarjeta,5382.16,663.62,4718.54,2024,1,26,19
656,25,39,164,Tienda física,7,14.36,Tarjeta,2906.47,417.37,2489.1,2024,10,17,2
657,76,100,180,Online,3,17.07,Tarjeta,1248.18,213.06,1035.12,2023,1,13,15
658,13,289,125,Online,9,19.73,Paypal,4513.32,890.48,3622.84,2023,2,23,8
659,57,254,7,Tienda física,10,22.85,Efectivo,1915.7,437.74,1477.96,2023,9,14,10
660,45,222,29,Distribuidor,4,20.86,Paypal,3075.52,641.55,2433.97,2025,9,18,2
661,58,357,139,Distribuidor,3,7.48,Paypal,1452.0,108.61,1343.39,2025,1,31,5
662,53,23,33,Distribuidor,14,7.1,Transferencia,2122.68,150.71,1971.97,2023,11,11,10
663,94,250,134,Distribuidor,11,9.97,Tarjeta,796.18,79.38,716.8,2023,5,15,21
664,13,10,111,Distribuidor,8,6.23,Tarjeta,4090.56,254.84,3835.72,2024,4,30,2
665,91,246,79,Tienda física,11,20.81,Tarjeta,6180.46,1286.15,4894.31,2023,10,12,14
666,92,325,160,Tienda física,18,13.17,Efectivo,2269.44,298.89,1970.55,2023,10,13,7
667,22,100,179,Tienda física,9,20.87,Transferencia,4450.86,928.89,3521.97,2023,6,21,11
668,14,290,58,Tienda física,16,11.84,Efectivo,11435.36,1353.95,10081.41,2023,4,21,18
669,13,180,26,Distribuidor,12,2.38,Paypal,758.04,18.04,740.0,2024,9,8,19
670,90,223,174,Online,7,6.47,Transferencia,3494.05,226.07,3267.98,2025,3,5,0
671,38,394,29,Online,4,3.6,Efectivo,3075.52,110.72,2964.8,2023,4,15,5
672,57,250,4,Tienda física,1,17.18,Transferencia,608.72,104.58,504.14,2023,5,2,16
673,20,147,99,Tienda física,11,12.41,Transferencia,4696.67,582.86,4113.81,2025,8,30,5
674,81,442,141,Online,16,2.84,Tarjeta,12158.4,345.3,11813.1,2025,8,19,7
675,51,96,39,Online,17,11.27,Transferencia,12032.43,1356.05,10676.38,2023,1,12,17
676,49,257,15,Online,5,10.08,Efectivo,2136.05,215.31,1920.74,2025,5,6,9
677,22,325,119,Online,7,8.15,Paypal,1028.3,83.81,944.49,2023,4,14,22
678,70,493,29,Distribuidor,11,3.71,Transferencia,8457.68,313.78,8143.9,2023,7,28,0
679,25,4,157,Tienda física,4,9.53,Tarjeta,2223.88,211.94,2011.94,2023,4,4,6
680,81,16,75,Tienda física,15,22.56,Tarjeta,7075.35,1596.2,5479.15,2023,11,10,5
681,35,280,116,Online,4,11.93,Efectivo,2073.28,247.34,1825.94,2024,10,12,7
682,86,336,32,Online,18,5.45,Paypal,13231.8,721.13,12510.67,2025,12,8,20
683,34,247,130,Online,7,22.64,Paypal,383.74,86.88,296.86,2025,3,28,5
684,21,258,175,Tienda física,10,2.14,Tarjeta,6496.0,139.01,6356.99,2023,6,9,18
685,50,497,84,Online,16,17.34,Tarjeta,9123.68,1582.05,7541.63,2024,9,30,14
686,9,476,22,Online,6,4.87,Efectivo,1400.82,68.22,1332.6,2023,4,9,19
687,3,384,27,Online,3,5.2,Paypal,2228.34,115.87,2112.47,2023,9,2,16
688,53,160,195,Distribuidor,18,17.65,Paypal,3102.3,547.56,2554.74,2025,1,14,1
689,88,475,81,Distribuidor,5,7.8,Efectivo,2003.4,156.27,1847.13,2023,6,7,23
690,48,340,126,Distribuidor,8,8.87,Paypal,5683.36,504.11,5179.25,2025,8,11,22
691,11,152,184,Online,13,3.32,Transferencia,6711.51,222.82,6488.69,2024,2,25,18
692,2,396,92,Online,17,23.99,Paypal,6876.16,1649.59,5226.57,2023,8,4,9
693,8,178,21,Online,13,21.04,Tarjeta,8841.69,1860.29,6981.4,2023,3,16,4
694,58,163,47,Online,7,7.72,Paypal,4024.72,310.71,3714.01,2023,10,18,14
695,90,380,101,Distribuidor,15,8.93,Tarjeta,10644.0,950.51,9693.49,2023,7,27,17
696,88,33,187,Tienda física,9,12.62,Tarjeta,5342.58,674.23,4668.35,2023,9,25,10
697,53,417,84,Distribuidor,18,21.84,Paypal,10264.14,2241.69,8022.45,2025,2,14,1
698,97,445,6,Tienda física,17,0.25,Paypal,1149.54,2.87,1146.67,2024,9,19,21
699,49,179,147,Online,13,5.48,Efectivo,3473.99,190.37,3283.62,2023,7,27,22
700,87,427,185,Distribuidor,4,6.2,Transferencia,1117.48,69.28,1048.2,2024,12,12,5
701,51,101,197,Tienda física,17,18.18,Paypal,8725.25,1586.25,7139.0,2023,4,14,23
702,13,268,131,Online,12,10.32,Paypal,7772.28,802.1,6970.18,2025,7,22,13
703,89,323,1,Distribuidor,13,6.15,Efectivo,3359.72,206.62,3153.1,2023,5,16,18
704,25,65,58,Distribuidor,11,16.98,Tarjeta,7861.81,1334.94,6526.87,2025,9,23,3
705,68,417,124,Online,10,7.02,Paypal,2763.1,193.97,2569.13,2024,10,9,0
706,86,168,166,Online,1,3.66,Efectivo,240.87,8.82,232.05,2024,10,1,19
707,25,330,15,Online,18,7.91,Transferencia,7689.78,608.26,7081.52,2025,6,1,5
708,54,43,162,Distribuidor,4,18.45,Paypal,563.0,103.87,459.13,2024,6,2,13
709,65,44,189,Distribuidor,12,6.49,Paypal,3829.32,248.52,3580.8,2024,9,13,8
710,49,285,163,Distribuidor,2,2.47,Transferencia,1297.62,32.05,1265.57,2024,7,20,12
711,49,397,64,Tienda física,17,20.14,Transferencia,12050.11,2426.89,9623.22,2025,10,27,6
712,68,12,25,Online,18,7.13,Tarjeta,5971.5,425.77,5545.73,2023,3,12,23
713,97,95,24,Online,17,18.27,Tarjeta,8282.74,1513.26,6769.48,2023,3,21,11
714,45,302,12,Tienda física,18,10.64,Tarjeta,3220.2,342.63,2877.57,2024,5,16,21
715,99,386,18,Tienda física,12,4.49,Efectivo,4629.48,207.86,4421.62,2024,5,11,12
716,14,253,15,Online,18,19.74,Paypal,7689.78,1517.96,6171.82,2024,3,19,10
717,3,499,27,Distribuidor,6,11.31,Paypal,4456.68,504.05,3952.63,2023,4,1,15
718,1,242,72,Distribuidor,2,17.34,Paypal,1352.98,234.61,1118.37,2023,3,16,22
719,4,35,60,Online,16,23.76,Tarjeta,5646.24,1341.55,4304.69,2024,8,9,18
720,68,215,174,Online,8,7.94,Efectivo,3993.2,317.06,3676.14,2024,5,6,16
721,100,337,145,Tienda física,13,12.59,Efectivo,8880.82,1118.1,7762.72,2024,2,25,22
722,65,90,93,Online,17,16.18,Tarjeta,1818.66,294.26,1524.4,2025,1,23,16
723,11,264,53,Distribuidor,7,14.88,Transferencia,1387.4,206.45,1180.95,2024,4,16,20
724,94,93,8,Distribuidor,11,20.75,Efectivo,6274.62,1301.98,4972.64,2024,10,2,16
725,95,410,79,Online,10,7.44,Paypal,5618.6,418.02,5200.58,2025,4,1,22
726,26,458,27,Tienda física,17,23.72,Tarjeta,12627.26,2995.19,9632.07,2023,8,4,5
727,90,90,174,Tienda física,6,19.37,Tarjeta,2994.9,580.11,2414.79,2025,6,3,22
728,65,418,50,Tienda física,7,13.93,Efectivo,3245.34,452.08,2793.26,2023,3,21,13
729,14,115,199,Distribuidor,16,11.27,Efectivo,1748.8,197.09,1551.71,2025,6,29,19
730,9,105,131,Online,6,9.47,Transferencia,3886.14,368.02,3518.12,2024,11,3,18
731,21,391,93,Distribuidor,15,3.61,Efectivo,1604.7,57.93,1546.77,2023,10,20,11
732,45,196,192,Online,9,17.38,Tarjeta,1295.91,225.23,1070.68,2024,3,10,0
733,1,314,172,Distribuidor,3,11.97,Paypal,2343.42,280.51,2062.91,2023,5,9,19
734,43,114,181,Online,18,8.22,Transferencia,7699.32,632.88,7066.44,2024,2,22,5
735,51,493,24,Online,14,10.54,Efectivo,6821.08,718.94,6102.14,2025,5,8,12
736,91,75,60,Distribuidor,17,14.68,Paypal,5999.13,880.67,5118.46,2025,11,4,21
737,88,413,122,Distribuidor,2,10.65,Transferencia,385.14,41.02,344.12,2024,6,22,21
738,81,376,131,Online,3,11.22,Efectivo,1943.07,218.01,1725.06,2023,5,4,9
739,87,420,148,Online,5,2.92,Paypal,2816.35,82.24,2734.11,2025,6,19,20
740,57,217,46,Distribuidor,6,19.32,Efectivo,472.26,91.24,381.02,2023,4,28,0
741,95,277,15,Tienda física,1,9.22,Paypal,427.21,39.39,387.82,2023,9,15,17
742,73,249,153,Distribuidor,3,14.46,Efectivo,90.87,13.14,77.73,2023,12,8,1
743,43,164,199,Tienda física,12,5.7,Paypal,1311.6,74.76,1236.84,2023,6,16,18
744,34,394,17,Online,16,12.79,Efectivo,311.36,39.82,271.54,2025,8,10,18
745,79,357,126,Tienda física,6,10.75,Transferencia,4262.52,458.22,3804.3,2024,8,18,13
746,70,457,84,Distribuidor,1,0.96,Transferencia,570.23,5.47,564.76,2024,8,8,0
747,42,408,9,Online,14,16.38,Transferencia,5598.74,917.07,4681.67,2023,8,4,6
748,68,192,166,Tienda física,1,7.84,Tarjeta,240.87,18.88,221.99,2025,3,2,2
749,20,227,176,Distribuidor,9,13.42,Transferencia,4033.62,541.31,3492.31,2025,12,24,8
750,97,177,188,Tienda física,3,23.57,Transferencia,705.12,166.2,538.92,2025,3,6,7
751,12,99,63,Distribuidor,8,23.93,Transferencia,5008.56,1198.55,3810.01,2024,8,26,20
752,73,496,117,Distribuidor,13,3.27,Tarjeta,8382.27,274.1,8108.17,2023,11,2,5
753,58,36,130,Tienda física,9,0.99,Tarjeta,493.38,4.88,488.5,2023,12,20,14
754,58,466,88,Online,9,7.84,Transferencia,3492.0,273.77,3218.23,2025,9,2,23
755,22,497,72,Online,16,22.16,Efectivo,10823.84,2398.56,8425.28,2025,12,5,20
756,54,487,139,Online,1,10.14,Transferencia,484.0,49.08,434.92,2025,1,25,9
757,11,96,64,Online,10,11.29,Paypal,7088.3,800.27,6288.03,2025,1,5,8
758,10,152,72,Distribuidor,15,16.76,Paypal,10147.35,1700.7,8446.65,2023,1,27,2
759,13,151,21,Distribuidor,2,21.57,Efectivo,1360.26,293.41,1066.85,2025,2,26,22
760,4,190,18,Distribuidor,5,10.15,Transferencia,1928.95,195.79,1733.16,2025,10,4,19
761,10,224,64,Tienda física,16,15.7,Paypal,11341.28,1780.58,9560.7,2023,9,8,2
762,21,37,82,Online,4,16.61,Transferencia,611.84,101.63,510.21,2024,9,24,23
763,56,268,110,Tienda física,14,16.88,Efectivo,6305.32,1064.34,5240.98,2025,9,3,15
764,1,369,95,Distribuidor,12,8.93,Efectivo,1763.4,157.47,1605.93,2023,10,3,2
765,33,183,166,Distribuidor,4,17.41,Efectivo,963.48,167.74,795.74,2023,1,15,8
766,3,13,32,Tienda física,15,3.99,Efectivo,11026.5,439.96,10586.54,2025,8,17,11
767,64,279,11,Tienda física,5,8.08,Paypal,3531.05,285.31,3245.74,2024,3,3,13
768,2,217,45,Online,12,19.28,Tarjeta,3088.68,595.5,2493.18,2025,7,12,20
769,48,355,33,Online,19,17.24,Transferencia,2880.78,496.65,2384.13,2024,1,6,8
770,19,361,102,Distribuidor,14,7.85,Transferencia,5709.9,448.23,5261.67,2024,11,17,5
771,49,286,169,Distribuidor,12,3.38,Paypal,1689.72,57.11,1632.61,2025,12,30,8
772,88,273,136,Tienda física,1,23.88,Efectivo,436.13,104.15,331.98,2025,10,2,2
773,38,369,11,Tienda física,17,15.17,Tarjeta,12005.57,1821.24,10184.33,2024,7,31,7
774,43,62,179,Tienda física,11,23.8,Transferencia,5439.94,1294.71,4145.23,2024,2,1,1
775,1,84,88,Tienda física,1,5.98,Paypal,388.0,23.2,364.8,2025,7,28,23
776,35,368,41,Tienda física,11,18.67,Efectivo,1424.72,266.0,1158.72,2025,12,25,19
777,99,217,145,Online,1,1.81,Paypal,683.14,12.36,670.78,2025,10,23,20
778,79,342,76,Tienda física,5,7.84,Paypal,2811.25,220.4,2590.85,2023,9,15,21
779,89,397,121,Tienda física,10,14.69,Transferencia,4410.8,647.95,3762.85,2025,3,4,7
780,42,187,46,Distribuidor,1,14.77,Tarjeta,78.71,11.63,67.08,2024,8,21,0
781,43,19,160,Online,14,10.5,Transferencia,1765.12,185.34,1579.78,2024,5,30,11
782,91,177,80,Tienda física,18,10.0,Tarjeta,13081.14,1308.11,11773.03,2025,7,28,0
783,11,100,54,Online,4,16.09,Transferencia,1966.08,316.34,1649.74,2024,8,4,15
784,99,396,86,Distribuidor,19,16.41,Paypal,10685.41,1753.48,8931.93,2023,5,20,12
785,51,445,92,Online,3,3.08,Transferencia,1213.44,37.37,1176.07,2023,11,11,0
786,92,233,148,Online,6,6.78,Tarjeta,3379.62,229.14,3150.48,2023,10,14,13
787,66,403,161,Distribuidor,13,3.35,Tarjeta,3547.31,118.83,3428.48,2025,12,4,13
788,76,76,168,Online,6,16.26,Transferencia,2217.78,360.61,1857.17,2024,6,16,12
789,62,265,160,Distribuidor,14,4.5,Efectivo,1765.12,79.43,1685.69,2024,5,11,12
790,10,455,97,Tienda física,6,8.73,Transferencia,179.58,15.68,163.9,2023,5,14,21
791,42,284,2,Tienda física,11,23.72,Paypal,4301.22,1020.25,3280.97,2023,5,15,23
792,92,206,33,Tienda física,14,2.83,Tarjeta,2122.68,60.07,2062.61,2023,4,16,10
793,84,223,158,Distribuidor,10,1.17,Tarjeta,1817.3,21.26,1796.04,2024,10,16,7
794,45,384,161,Online,3,2.99,Paypal,818.61,24.48,794.13,2023,5,13,19
795,57,52,77,Online,16,21.92,Tarjeta,6795.84,1489.65,5306.19,2024,8,16,22
796,86,339,116,Tienda física,14,18.85,Tarjeta,7256.48,1367.85,5888.63,2023,11,16,3
797,3,367,154,Tienda física,4,10.47,Transferencia,1003.8,105.1,898.7,2023,11,12,1
798,78,144,150,Online,12,4.58,Efectivo,9306.72,426.25,8880.47,2025,1,29,1
799,58,373,103,Online,16,8.53,Efectivo,10952.96,934.29,10018.67,2024,4,10,11
800,5,69,194,Online,11,4.6,Transferencia,8270.57,380.45,7890.12,2023,7,14,9
801,84,99,166,Online,13,18.92,Paypal,3131.31,592.44,2538.87,2023,9,11,16
802,40,396,103,Online,8,16.21,Tarjeta,5476.48,887.74,4588.74,2025,7,29,22
803,38,25,90,Online,14,15.43,Tarjeta,2820.72,435.24,2385.48,2024,12,21,13
804,33,436,174,Tienda física,19,13.77,Efectivo,9483.85,1305.93,8177.92,2023,4,21,15
805,14,379,122,Tienda física,12,13.61,Paypal,2310.84,314.51,1996.33,2025,7,23,23
806,43,469,143,Online,5,14.57,Transferencia,888.6,129.47,759.13,2024,10,17,3
807,95,484,106,Online,13,2.0,Transferencia,2946.84,58.94,2887.9,2023,5,3,10
808,2,53,119,Tienda física,16,17.59,Efectivo,2350.4,413.44,1936.96,2025,3,1,21
809,83,151,172,Tienda física,8,11.76,Paypal,6249.12,734.9,5514.22,2023,12,1,2
810,20,144,49,Online,13,14.59,Efectivo,7081.49,1033.19,6048.3,2023,7,1,14
811,81,57,104,Online,1,0.54,Efectivo,324.57,1.75,322.82,2024,6,11,3
812,9,39,61,Online,13,13.78,Efectivo,9002.5,1240.54,7761.96,2025,1,23,1
813,21,109,195,Tienda física,7,3.59,Efectivo,1206.45,43.31,1163.14,2025,12,9,23
814,11,181,123,Distribuidor,4,4.91,Transferencia,595.68,29.25,566.43,2025,10,3,5
815,70,42,134,Distribuidor,9,18.04,Efectivo,651.42,117.52,533.9,2023,7,29,23
816,79,186,9,Online,10,24.6,Tarjeta,3999.1,983.78,3015.32,2024,12,20,11
817,45,423,6,Tienda física,17,19.23,Paypal,1149.54,221.06,928.48,2025,7,20,19
818,73,398,73,Online,11,22.88,Tarjeta,5268.23,1205.37,4062.86,2025,2,2,17
819,92,223,103,Online,13,18.72,Transferencia,8899.28,1665.95,7233.33,2023,7,19,15
820,99,122,160,Tienda física,1,4.4,Paypal,126.08,5.55,120.53,2025,10,16,0
821,81,133,41,Online,2,6.32,Paypal,259.04,16.37,242.67,2024,6,21,20
822,5,163,114,Distribuidor,4,15.11,Transferencia,1929.52,291.55,1637.97,2023,1,2,16
823,56,215,8,Distribuidor,18,7.52,Efectivo,10267.56,772.12,9495.44,2025,7,21,8
824,8,221,72,Distribuidor,10,7.88,Efectivo,6764.9,533.07,6231.83,2023,3,1,21
825,57,235,178,Tienda física,1,5.72,Tarjeta,106.89,6.11,100.78,2024,12,9,0
826,62,331,92,Distribuidor,2,21.98,Efectivo,808.96,177.81,631.15,2023,10,19,11
827,25,146,62,Tienda física,5,12.01,Paypal,1314.65,157.89,1156.76,2025,3,19,22
828,45,239,84,Online,16,22.68,Efectivo,9123.68,2069.25,7054.43,2024,8,15,23
829,43,76,62,Tienda física,1,9.03,Efectivo,262.93,23.74,239.19,2024,10,23,16
830,51,9,111,Distribuidor,16,11.58,Paypal,8181.12,947.37,7233.75,2023,1,11,2
831,42,74,127,Online,11,7.21,Paypal,6864.99,494.97,6370.02,2024,8,15,22
832,84,442,7,Distribuidor,2,22.77,Paypal,383.14,87.24,295.9,2023,4,29,13
833,53,492,84,Distribuidor,12,22.47,Tarjeta,6842.76,1537.57,5305.19,2024,4,19,5
834,92,401,132,Distribuidor,7,9.9,Transferencia,2407.79,238.37,2169.42,2023,6,16,3
835,94,253,134,Tienda física,17,4.9,Transferencia,1230.46,60.29,1170.17,2024,12,7,19
836,44,230,58,Distribuidor,1,21.24,Transferencia,714.71,151.8,562.91,2024,4,22,3
837,58,7,22,Online,8,10.66,Tarjeta,1867.76,199.1,1668.66,2023,12,17,2
838,99,174,154,Distribuidor,8,15.42,Transferencia,2007.6,309.57,1698.03,2025,1,16,6
839,14,141,127,Online,16,8.29,Efectivo,9985.44,827.79,9157.65,2023,10,2,0
840,100,168,3,Distribuidor,1,24.14,Efectivo,111.65,26.95,84.7,2023,6,16,3
841,89,170,127,Online,2,5.55,Paypal,1248.18,69.27,1178.91,2025,10,18,2
842,92,393,41,Distribuidor,15,4.17,Tarjeta,1942.8,81.01,1861.79,2023,11,4,8
843,57,434,188,Tienda física,17,0.75,Transferencia,3995.68,29.97,3965.71,2025,12,13,23
844,42,283,106,Distribuidor,13,19.13,Paypal,2946.84,563.73,2383.11,2023,5,9,12
845,1,122,14,Tienda física,15,5.94,Paypal,10003.5,594.21,9409.29,2024,8,29,14
846,13,194,12,Distribuidor,7,14.87,Paypal,1252.3,186.22,1066.08,2023,12,30,16
847,62,5,87,Distribuidor,19,20.45,Paypal,9605.26,1964.28,7640.98,2023,4,24,1
848,91,29,12,Online,7,15.26,Transferencia,1252.3,191.1,1061.2,2023,7,16,23
849,50,165,141,Distribuidor,10,12.12,Tarjeta,7599.0,921.0,6678.0,2023,9,9,21
850,54,422,25,Distribuidor,8,14.07,Transferencia,2654.0,373.42,2280.58,2023,5,31,8
851,86,339,45,Distribuidor,13,17.41,Paypal,3346.07,582.55,2763.52,2025,6,22,4
852,62,136,122,Online,15,1.56,Transferencia,2888.55,45.06,2843.49,2023,5,3,4
853,40,496,147,Distribuidor,12,6.03,Paypal,3206.76,193.37,3013.39,2024,2,19,10
854,42,365,55,Online,3,22.27,Tarjeta,1468.32,326.99,1141.33,2024,9,19,5
855,10,321,100,Tienda física,5,20.83,Paypal,184.0,38.33,145.67,2024,1,8,18
856,65,342,173,Online,16,16.41,Paypal,10339.68,1696.74,8642.94,2023,4,25,14
857,42,500,136,Tienda física,8,11.41,Tarjeta,3489.04,398.1,3090.94,2023,6,28,21
858,22,145,119,Distribuidor,18,13.73,Paypal,2644.2,363.05,2281.15,2023,4,12,11
859,99,327,53,Online,14,12.11,Tarjeta,2774.8,336.03,2438.77,2023,10,4,17
860,8,217,183,Distribuidor,12,1.56,Efectivo,3735.36,58.27,3677.09,2024,9,11,17
861,75,301,32,Distribuidor,10,21.66,Efectivo,7351.0,1592.23,5758.77,2025,6,27,1
862,3,132,51,Distribuidor,7,6.57,Paypal,4581.01,300.97,4280.04,2023,5,10,13
863,16,292,44,Online,18,11.89,Tarjeta,10107.54,1201.79,8905.75,2023,6,12,8
864,64,70,82,Tienda física,19,19.91,Paypal,2906.24,578.63,2327.61,2025,3,8,10
865,73,252,198,Online,3,23.74,Paypal,1527.93,362.73,1165.2,2023,4,11,19
866,81,415,146,Tienda física,3,4.93,Efectivo,1370.19,67.55,1302.64,2024,1,12,20
867,65,275,150,Distribuidor,2,14.35,Paypal,1551.12,222.59,1328.53,2025,3,11,19
868,97,445,37,Distribuidor,17,16.71,Tarjeta,9623.36,1608.06,8015.3,2023,4,15,0
869,65,364,96,Online,13,11.71,Tarjeta,4746.17,555.78,4190.39,2025,5,25,22
870,83,182,56,Tienda física,13,21.86,Tarjeta,6273.41,1371.37,4902.04,2023,3,28,15
871,83,167,105,Tienda física,10,10.02,Transferencia,4368.5,437.72,3930.78,2023,1,16,13
872,73,91,59,Online,4,10.55,Paypal,549.24,57.94,491.3,2025,7,29,9
873,4,202,131,Distribuidor,12,23.09,Paypal,7772.28,1794.62,5977.66,2023,9,10,2
874,22,346,156,Tienda física,12,3.94,Efectivo,4827.0,190.18,4636.82,2024,2,1,7
875,88,19,35,Distribuidor,3,17.06,Paypal,676.2,115.36,560.84,2023,8,12,22
876,13,39,189,Online,13,12.03,Tarjeta,4148.43,499.06,3649.37,2023,10,28,6
877,12,126,93,Online,9,24.72,Paypal,962.82,238.01,724.81,2024,11,1,20
878,16,451,182,Tienda física,2,4.91,Tarjeta,726.24,35.66,690.58,2023,12,27,8
879,89,173,191,Distribuidor,14,16.19,Tarjeta,3512.18,568.62,2943.56,2024,11,1,17
880,79,141,97,Online,13,4.59,Paypal,389.09,17.86,371.23,2025,5,15,14
881,64,242,135,Tienda física,2,21.15,Efectivo,105.54,22.32,83.22,2024,11,9,5
882,68,220,76,Tienda física,10,22.28,Paypal,5622.5,1252.69,4369.81,2025,10,28,21
883,86,126,49,Tienda física,3,9.01,Efectivo,1634.19,147.24,1486.95,2023,7,11,14
884,95,58,94,Online,3,23.04,Transferencia,1463.31,337.15,1126.16,2023,10,20,15
885,84,148,159,Tienda física,11,22.63,Transferencia,2489.19,563.3,1925.89,2023,3,8,15
886,34,476,186,Online,13,12.63,Tarjeta,6264.96,791.26,5473.7,2024,5,22,22
887,86,456,189,Online,10,5.9,Paypal,3191.1,188.27,3002.83,2023,6,17,3
888,76,317,24,Tienda física,2,7.18,Efectivo,974.44,69.96,904.48,2024,4,8,3
889,13,383,148,Tienda física,15,3.75,Transferencia,8449.05,316.84,8132.21,2023,2,18,18
890,49,361,37,Distribuidor,3,2.6,Efectivo,1698.24,44.15,1654.09,2024,11,22,11
891,21,423,4,Distribuidor,16,13.67,Transferencia,9739.52,1331.39,8408.13,2024,9,13,11
892,73,1,108,Online,13,18.97,Transferencia,6062.55,1150.07,4912.48,2025,6,22,21
893,42,387,126,Tienda física,16,1.95,Efectivo,11366.72,221.65,11145.07,2025,5,4,13
894,86,461,20,Tienda física,2,14.85,Transferencia,1006.32,149.44,856.88,2024,7,21,19
895,49,348,188,Tienda física,14,16.1,Paypal,3290.56,529.78,2760.78,2024,10,9,6
896,78,190,152,Tienda física,2,21.38,Tarjeta,212.24,45.38,166.86,2024,11,29,10
897,35,191,50,Online,15,6.67,Paypal,6954.3,463.85,6490.45,2023,7,19,19
898,43,369,177,Online,18,2.07,Transferencia,774.72,16.04,758.68,2025,6,15,23
899,22,409,179,Tienda física,11,6.53,Tarjeta,5439.94,355.23,5084.71,2023,7,16,1
900,81,312,96,Tienda física,10,16.91,Transferencia,3650.9,617.37,3033.53,2024,10,11,7
901,9,417,105,Online,2,5.49,Efectivo,873.7,47.97,825.73,2025,12,12,19
902,10,422,164,Tienda física,9,10.66,Paypal,3736.89,398.35,3338.54,2025,12,11,4
903,34,117,117,Tienda física,3,11.55,Transferencia,1934.37,223.42,1710.95,2023,5,14,22
904,73,134,98,Tienda física,16,9.95,Tarjeta,11661.92,1160.36,10501.56,2023,5,29,10
905,46,58,66,Distribuidor,14,16.72,Efectivo,5078.92,849.2,4229.72,2025,6,28,16
906,78,44,79,Online,9,5.71,Tarjeta,5056.74,288.74,4768.0,2023,9,18,7
907,86,173,162,Online,18,1.38,Tarjeta,2533.5,34.96,2498.54,2024,1,5,20
908,40,160,164,Distribuidor,13,14.72,Paypal,5397.73,794.55,4603.18,2024,3,5,18
909,75,173,6,Online,18,21.18,Tarjeta,1217.16,257.79,959.37,2024,11,12,15
910,76,317,39,Tienda física,6,11.33,Tarjeta,4246.74,481.16,3765.58,2023,12,26,20
911,14,303,170,Distribuidor,9,17.91,Transferencia,1759.23,315.08,1444.15,2024,12,26,20
912,33,149,115,Distribuidor,6,3.39,Tarjeta,3832.98,129.94,3703.04,2024,6,27,1
913,73,80,186,Online,8,7.61,Efectivo,3855.36,293.39,3561.97,2025,2,2,11
914,19,374,125,Online,11,13.86,Transferencia,5516.28,764.56,4751.72,2024,9,19,19
915,75,213,12,Tienda física,19,21.36,Tarjeta,3399.1,726.05,2673.05,2025,8,20,14
916,58,203,131,Distribuidor,6,4.33,Paypal,3886.14,168.27,3717.87,2024,6,27,10
917,35,252,18,Online,19,23.58,Paypal,7330.01,1728.42,5601.59,2024,5,4,2
918,16,229,40,Online,2,6.1,Tarjeta,1151.12,70.22,1080.9,2023,4,24,7
919,94,164,21,Tienda física,18,1.26,Paypal,12242.34,154.25,12088.09,2025,3,25,5
920,8,227,143,Tienda física,12,9.86,Paypal,2132.64,210.28,1922.36,2023,6,12,20
921,4,147,99,Distribuidor,19,1.63,Paypal,8112.43,132.23,7980.2,2023,5,29,9
922,72,20,26,Distribuidor,7,1.3,Efectivo,442.19,5.75,436.44,2024,11,20,21
923,13,441,8,Distribuidor,13,16.93,Efectivo,7415.46,1255.44,6160.02,2023,5,13,18
924,26,402,100,Distribuidor,1,21.48,Efectivo,36.8,7.9,28.9,2024,1,27,23
925,59,47,87,Tienda física,12,2.36,Efectivo,6066.48,143.17,5923.31,2024,6,15,2
926,8,233,42,Online,15,2.95,Paypal,1795.65,52.97,1742.68,2025,7,26,10
927,98,305,172,Tienda física,15,0.47,Tarjeta,11717.1,55.07,11662.03,2023,2,13,23
928,48,14,14,Online,9,18.09,Tarjeta,6002.1,1085.78,4916.32,2023,1,6,3
929,21,143,78,Online,16,4.68,Efectivo,7944.48,371.8,7572.68,2023,7,23,8
930,81,415,2,Distribuidor,19,7.99,Transferencia,7429.38,593.61,6835.77,2025,8,22,11
931,22,1,119,Distribuidor,14,1.84,Transferencia,2056.6,37.84,2018.76,2024,4,1,16
932,70,373,37,Tienda física,12,3.32,Paypal,6792.96,225.53,6567.43,2023,11,4,5
933,44,54,69,Tienda física,7,12.17,Paypal,5564.72,677.23,4887.49,2023,7,13,3
934,40,374,166,Distribuidor,15,15.76,Transferencia,3613.05,569.42,3043.63,2023,6,27,14
935,3,259,41,Tienda física,11,14.39,Tarjeta,1424.72,205.02,1219.7,2025,10,5,20
936,54,144,62,Distribuidor,17,16.21,Efectivo,4469.81,724.56,3745.25,2025,4,27,13
937,53,471,60,Distribuidor,13,2.91,Paypal,4587.57,133.5,4454.07,2023,5,2,22
938,12,441,125,Distribuidor,8,19.84,Paypal,4011.84,795.95,3215.89,2025,12,1,0
939,75,459,111,Online,2,2.46,Tarjeta,1022.64,25.16,997.48,2023,8,30,13
940,27,12,14,Distribuidor,19,2.86,Efectivo,12671.1,362.39,12308.71,2023,7,26,3
941,99,330,84,Distribuidor,5,16.26,Tarjeta,2851.15,463.6,2387.55,2024,6,12,6
942,34,224,130,Online,19,18.78,Transferencia,1041.58,195.61,845.97,2025,1,29,13
943,91,272,70,Tienda física,18,10.99,Tarjeta,1092.78,120.1,972.68,2025,10,23,7
944,56,456,145,Distribuidor,18,17.91,Efectivo,12296.52,2202.31,10094.21,2025,7,5,9
945,88,358,123,Distribuidor,6,1.27,Tarjeta,893.52,11.35,882.17,2023,6,21,8
946,22,460,89,Distribuidor,15,16.18,Transferencia,10088.4,1632.3,8456.1,2024,3,19,4
947,68,408,28,Online,2,13.56,Efectivo,1543.06,209.24,1333.82,2023,1,16,1
948,78,156,66,Distribuidor,8,14.32,Transferencia,2902.24,415.6,2486.64,2023,7,13,4
949,65,373,163,Distribuidor,12,23.02,Efectivo,7785.72,1792.27,5993.45,2023,12,24,18
950,5,8,5,Tienda física,14,16.29,Transferencia,6314.56,1028.64,5285.92,2024,8,25,3
951,27,122,193,Distribuidor,14,23.43,Paypal,5278.84,1236.83,4042.01,2023,7,10,1
952,81,348,168,Online,14,20.04,Efectivo,5174.82,1037.03,4137.79,2023,9,8,11
953,72,164,184,Tienda física,14,16.07,Transferencia,7227.78,1161.5,6066.28,2023,5,1,4
954,81,90,164,Tienda física,4,7.82,Transferencia,1660.84,129.88,1530.96,2024,9,1,9
955,38,136,45,Distribuidor,9,1.03,Efectivo,2316.51,23.86,2292.65,2023,6,21,7
956,83,186,151,Tienda física,9,14.43,Efectivo,2153.88,310.8,1843.08,2024,3,12,17
957,95,316,47,Tienda física,10,15.14,Paypal,5749.6,870.49,4879.11,2025,9,3,15
958,75,178,31,Distribuidor,13,5.43,Transferencia,3483.48,189.15,3294.33,2023,8,13,19
959,53,28,139,Online,14,10.16,Paypal,6776.0,688.44,6087.56,2025,10,23,10
960,90,220,10,Online,15,6.44,Efectivo,5630.1,362.58,5267.52,2025,6,19,11
961,79,357,195,Distribuidor,18,4.42,Efectivo,3102.3,137.12,2965.18,2025,3,26,16
962,9,41,118,Online,13,9.05,Efectivo,2396.03,216.84,2179.19,2023,7,5,1
963,58,228,14,Tienda física,4,5.35,Tarjeta,2667.6,142.72,2524.88,2024,10,21,11
964,94,192,80,Online,1,2.92,Efectivo,726.73,21.22,705.51,2025,2,23,7
965,65,411,93,Online,5,5.91,Efectivo,534.9,31.61,503.29,2024,12,10,13
966,87,447,10,Online,12,22.47,Tarjeta,4504.08,1012.07,3492.01,2023,2,25,23
967,88,145,76,Distribuidor,10,24.6,Efectivo,5622.5,1383.14,4239.36,2024,7,21,22
968,62,201,94,Online,19,11.27,Efectivo,9267.63,1044.46,8223.17,2023,7,27,0
969,5,417,105,Online,12,12.94,Efectivo,5242.2,678.34,4563.86,2025,8,5,2
970,53,212,1,Distribuidor,1,8.45,Tarjeta,258.44,21.84,236.6,2025,3,30,10
971,78,461,133,Online,14,4.33,Tarjeta,2685.76,116.29,2569.47,2025,1,16,5
972,58,220,20,Distribuidor,19,19.4,Efectivo,9560.04,1854.65,7705.39,2025,4,12,10
973,56,240,8,Tienda física,6,23.67,Transferencia,3422.52,810.11,2612.41,2024,5,15,15
974,100,413,171,Online,6,24.88,Tarjeta,2202.54,547.99,1654.55,2025,7,7,23
975,78,397,1,Distribuidor,6,17.38,Paypal,1550.64,269.5,1281.14,2025,10,1,7
976,94,46,57,Tienda física,8,13.04,Paypal,2828.88,368.89,2459.99,2025,6,20,5
977,20,35,64,Online,1,22.51,Paypal,708.83,159.56,549.27,2024,12,11,8
978,90,253,118,Tienda física,2,1.03,Efectivo,368.62,3.8,364.82,2023,5,1,7
979,21,390,28,Tienda física,6,18.17,Paypal,4629.18,841.12,3788.06,2025,4,28,7
980,14,82,121,Tienda física,16,15.17,Paypal,7057.28,1070.59,5986.69,2024,7,14,16
981,75,371,107,Online,10,11.24,Paypal,585.5,65.81,519.69,2024,5,19,3
982,33,256,165,Online,19,5.15,Tarjeta,10192.36,524.91,9667.45,2025,4,10,19
983,44,197,175,Online,7,5.86,Efectivo,4547.2,266.47,4280.73,2024,5,23,1
984,94,303,165,Tienda física,14,0.84,Transferencia,7510.16,63.09,7447.07,2024,1,14,1
985,49,409,49,Tienda física,9,5.81,Efectivo,4902.57,284.84,4617.73,2025,6,13,0
986,100,450,120,Tienda física,15,10.42,Transferencia,2388.6,248.89,2139.71,2025,8,24,5
987,98,10,44,Tienda física,8,8.57,Efectivo,4492.24,384.98,4107.26,2024,5,25,14
988,46,312,56,Tienda física,4,6.23,Efectivo,1930.28,120.26,1810.02,2024,12,14,11
989,75,286,156,Online,1,11.89,Paypal,402.25,47.83,354.42,2023,6,1,10
990,75,242,111,Tienda física,10,20.17,Transferencia,5113.2,1031.33,4081.87,2023,7,23,5
991,34,251,134,Online,6,3.63,Transferencia,434.28,15.76,418.52,2025,4,4,11
992,73,365,108,Online,9,7.17,Transferencia,4197.15,300.94,3896.21,2024,2,24,7
993,88,5,189,Online,5,18.02,Transferencia,1595.55,287.52,1308.03,2023,5,12,11
994,57,119,148,Online,2,22.38,Paypal,1126.54,252.12,874.42,2023,5,10,7
995,89,289,114,Online,13,4.28,Transferencia,6270.94,268.4,6002.54,2024,6,13,22
996,50,374,78,Distribuidor,18,22.02,Transferencia,8937.54,1968.05,6969.49,2024,10,22,7
997,21,65,130,Online,3,2.26,Paypal,164.46,3.72,160.74,2024,12,15,17
998,4,146,37,Online,5,15.19,Tarjeta,2830.4,429.94,2400.46,2025,11,23,2
999,89,224,20,Tienda física,19,13.85,Efectivo,9560.04,1324.07,8235.97,2025,9,11,5
1000,11,239,26,Tienda física,4,10.25,Paypal,252.68,25.9,226.78,2024,5,14,7
1001,91,177,29,Distribuidor,11,9.11,Efectivo,8457.68,770.49,7687.19,2023,6,11,6
1002,81,267,1,Distribuidor,3,22.01,Transferencia,775.32,170.65,604.67,2023,12,31,14
1003,3,341,119,Distribuidor,2,0.24,Paypal,293.8,0.71,293.09,2024,2,8,5
1004,45,282,35,Tienda física,6,23.15,Transferencia,1352.4,313.08,1039.32,2024,9,17,1
1005,11,63,198,Distribuidor,16,16.12,Tarjeta,8148.96,1313.61,6835.35,2025,11,12,20
1006,3,217,59,Distribuidor,12,12.1,Paypal,1647.72,199.37,1448.35,2024,6,20,2
1007,75,342,69,Distribuidor,6,16.22,Paypal,4769.76,773.66,3996.1,2025,2,19,9
1008,65,315,161,Distribuidor,19,18.11,Transferencia,5184.53,938.92,4245.61,2023,12,4,17
1009,22,283,179,Online,12,21.55,Tarjeta,5934.48,1278.88,4655.6,2025,8,3,18
1010,49,177,12,Distribuidor,4,23.93,Tarjeta,715.6,171.24,544.36,2023,7,19,9
1011,78,461,20,Tienda física,6,10.48,Transferencia,3018.96,316.39,2702.57,2023,4,24,22
1012,33,417,181,Tienda física,18,16.8,Efectivo,7699.32,1293.49,6405.83,2025,1,4,14
1013,3,98,43,Online,19,3.85,Transferencia,13855.56,533.44,13322.12,2024,6,16,0
1014,81,105,126,Distribuidor,14,8.32,Tarjeta,9945.88,827.5,9118.38,2024,9,5,8
1015,5,99,50,Online,1,16.05,Transferencia,463.62,74.41,389.21,2023,5,31,14
1016,57,385,29,Online,6,18.74,Efectivo,4613.28,864.53,3748.75,2024,7,19,8
1017,43,405,185,Distribuidor,17,3.26,Transferencia,4749.29,154.83,4594.46,2023,11,8,7
1018,98,496,39,Online,10,1.75,Transferencia,7077.9,123.86,6954.04,2025,3,27,14
1019,58,311,184,Online,10,5.56,Efectivo,5162.7,287.05,4875.65,2024,2,10,15
1020,20,6,171,Online,10,2.34,Transferencia,3670.9,85.9,3585.0,2025,10,24,20
1021,46,476,178,Distribuidor,2,21.02,Efectivo,213.78,44.94,168.84,2025,1,9,4
1022,40,465,151,Tienda física,17,20.28,Tarjeta,4068.44,825.08,3243.36,2023,7,1,17
1023,53,197,172,Distribuidor,7,18.58,Transferencia,5467.98,1015.95,4452.03,2024,7,3,17
1024,11,351,38,Tienda física,18,4.34,Efectivo,1001.16,43.45,957.71,2023,6,25,4
1025,98,133,84,Online,4,3.78,Paypal,2280.92,86.22,2194.7,2024,1,30,13
1026,83,358,151,Tienda física,16,16.93,Efectivo,3829.12,648.27,3180.85,2024,9,8,22
1027,33,259,128,Online,7,5.98,Paypal,2209.41,132.12,2077.29,2025,7,10,23
1028,45,437,126,Distribuidor,19,14.96,Tarjeta,13497.98,2019.3,11478.68,2025,4,1,19
1029,97,23,45,Distribuidor,15,17.32,Tarjeta,3860.85,668.7,3192.15,2023,2,16,16
1030,66,485,52,Distribuidor,5,10.49,Paypal,3848.2,403.68,3444.52,2025,6,13,11
1031,92,53,80,Online,2,9.68,Paypal,1453.46,140.69,1312.77,2023,8,20,23
1032,40,165,178,Online,9,0.6,Tarjeta,962.01,5.77,956.24,2023,10,4,9
1033,14,202,124,Distribuidor,10,23.07,Efectivo,2763.1,637.45,2125.65,2024,1,22,22
1034,13,458,119,Tienda física,14,23.82,Transferencia,2056.6,489.88,1566.72,2025,6,29,7
1035,66,83,8,Online,2,15.27,Paypal,1140.84,174.21,966.63,2024,8,13,0
1036,10,145,85,Tienda física,18,13.46,Paypal,2850.12,383.63,2466.49,2024,5,10,22
1037,38,85,129,Tienda física,15,19.84,Paypal,4908.9,973.93,3934.97,2023,9,9,16
1038,1,78,8,Distribuidor,12,3.21,Paypal,6845.04,219.73,6625.31,2023,1,10,14
1039,78,457,157,Online,17,12.8,Efectivo,9451.49,1209.79,8241.7,2024,1,30,18
1040,70,366,96,Online,6,2.9,Tarjeta,2190.54,63.53,2127.01,2025,10,18,18
1041,56,1,102,Tienda física,19,4.17,Transferencia,7749.15,323.14,7426.01,2024,6,3,21
1042,56,51,5,Distribuidor,14,3.01,Efectivo,6314.56,190.07,6124.49,2023,7,18,15
1043,54,173,86,Online,13,7.2,Tarjeta,7311.07,526.4,6784.67,2025,5,13,8
1044,86,205,175,Distribuidor,16,22.4,Efectivo,10393.6,2328.17,8065.43,2024,5,8,0
1045,25,260,34,Online,8,7.2,Paypal,1921.92,138.38,1783.54,2024,9,23,15
1046,27,446,193,Tienda física,4,16.59,Efectivo,1508.24,250.22,1258.02,2025,11,16,14
1047,4,449,55,Tienda física,3,11.68,Tarjeta,1468.32,171.5,1296.82,2023,3,31,13
1048,38,369,119,Tienda física,1,12.94,Paypal,146.9,19.01,127.89,2024,1,8,8
1049,95,488,171,Distribuidor,9,7.91,Transferencia,3303.81,261.33,3042.48,2024,9,27,10
1050,16,288,158,Online,7,17.82,Paypal,1272.11,226.69,1045.42,2025,10,6,2
1051,68,34,114,Online,15,10.24,Paypal,7235.7,740.94,6494.76,2023,8,31,16
1052,21,348,145,Distribuidor,19,22.78,Paypal,12979.66,2956.77,10022.89,2025,8,18,4
1053,68,95,26,Distribuidor,17,17.03,Paypal,1073.89,182.88,891.01,2023,3,27,21
1054,49,72,136,Online,10,12.41,Paypal,4361.3,541.24,3820.06,2025,5,25,23
1055,76,39,47,Tienda física,15,22.52,Transferencia,8624.4,1942.21,6682.19,2024,10,9,3
1056,35,154,113,Tienda física,2,14.87,Transferencia,395.54,58.82,336.72,2025,4,12,2
1057,95,250,76,Tienda física,2,0.49,Efectivo,1124.5,5.51,1118.99,2024,5,14,20
1058,59,162,72,Tienda física,10,7.38,Efectivo,6764.9,499.25,6265.65,2024,4,20,18
1059,5,438,89,Distribuidor,12,14.4,Tarjeta,8070.72,1162.18,6908.54,2025,6,3,0
1060,64,118,46,Online,6,20.06,Efectivo,472.26,94.74,377.52,2024,5,11,22
1061,88,259,196,Distribuidor,1,20.25,Transferencia,236.63,47.92,188.71,2025,9,22,1
1062,78,379,33,Distribuidor,6,5.28,Paypal,909.72,48.03,861.69,2024,7,14,0
1063,22,306,1,Distribuidor,19,3.25,Paypal,4910.36,159.59,4750.77,2024,9,20,0
1064,48,268,147,Online,4,20.89,Transferencia,1068.92,223.3,845.62,2025,5,27,14
1065,14,449,31,Tienda física,13,24.11,Transferencia,3483.48,839.87,2643.61,2023,5,13,16
1066,16,54,142,Distribuidor,12,0.71,Efectivo,1716.6,12.19,1704.41,2023,6,8,6
1067,92,236,53,Tienda física,4,17.61,Tarjeta,792.8,139.61,653.19,2025,5,2,2
1068,26,389,48,Tienda física,11,24.17,Paypal,801.9,193.82,608.08,2025,12,16,7
1069,48,478,69,Tienda física,14,20.49,Paypal,11129.44,2280.42,8849.02,2025,11,24,19
1070,68,222,105,Tienda física,11,10.86,Tarjeta,4805.35,521.86,4283.49,2025,1,14,15
1071,9,251,90,Distribuidor,10,23.14,Tarjeta,2014.8,466.22,1548.58,2025,9,16,2
1072,56,313,190,Online,1,23.07,Efectivo,331.14,76.39,254.75,2025,4,17,14
1073,34,401,194,Tienda física,15,7.42,Efectivo,11278.05,836.83,10441.22,2024,5,10,18
1074,4,112,192,Tienda física,8,13.81,Transferencia,1151.92,159.08,992.84,2025,12,6,1
1075,79,255,198,Tienda física,6,11.7,Efectivo,3055.86,357.54,2698.32,2024,11,11,18
1076,13,303,63,Online,2,9.96,Paypal,1252.14,124.71,1127.43,2023,11,16,14
1077,79,407,73,Online,4,3.12,Tarjeta,1915.72,59.77,1855.95,2023,8,15,13
1078,46,207,161,Tienda física,3,23.12,Tarjeta,818.61,189.26,629.35,2024,4,17,11
1079,1,229,169,Online,6,1.9,Transferencia,844.86,16.05,828.81,2024,6,13,4
1080,20,341,89,Online,12,9.41,Tarjeta,8070.72,759.45,7311.27,2025,9,26,7
1081,26,398,176,Distribuidor,13,6.98,Transferencia,5826.34,406.68,5419.66,2024,5,2,10
1082,90,66,13,Tienda física,14,3.58,Efectivo,6345.64,227.17,6118.47,2025,1,15,15
1083,19,75,73,Distribuidor,4,0.29,Paypal,1915.72,5.56,1910.16,2024,2,26,17
1084,11,435,77,Distribuidor,2,7.33,Efectivo,849.48,62.27,787.21,2023,6,27,9
1085,10,103,159,Tienda física,9,2.14,Transferencia,2036.61,43.58,1993.03,2025,8,5,1
1086,62,422,68,Online,15,10.05,Efectivo,4567.35,459.02,4108.33,2023,3,21,21
1087,81,192,98,Online,15,17.29,Paypal,10933.05,1890.32,9042.73,2024,8,13,2
1088,22,252,125,Online,16,20.81,Tarjeta,8023.68,1669.73,6353.95,2025,2,9,12
1089,75,226,102,Tienda física,15,24.85,Tarjeta,6117.75,1520.26,4597.49,2024,4,26,21
1090,98,294,132,Tienda física,3,12.96,Efectivo,1031.91,133.74,898.17,2025,8,22,5
1091,78,306,102,Online,11,24.64,Paypal,4486.35,1105.44,3380.91,2023,12,23,1
1092,50,98,19,Tienda física,14,4.03,Tarjeta,5649.56,227.68,5421.88,2025,11,6,15
1093,68,338,198,Online,4,17.45,Transferencia,2037.24,355.5,1681.74,2025,1,11,3
1094,99,286,82,Tienda física,9,4.35,Transferencia,1376.64,59.88,1316.76,2024,5,1,6
1095,79,335,141,Distribuidor,7,9.49,Efectivo,5319.3,504.8,4814.5,2024,5,27,20
1096,5,347,23,Online,11,3.67,Transferencia,3319.14,121.81,3197.33,2025,5,22,0
1097,14,435,83,Online,3,3.82,Tarjeta,1299.12,49.63,1249.49,2025,2,27,18
1098,34,447,109,Online,11,10.07,Tarjeta,1286.89,129.59,1157.3,2025,7,5,21
1099,94,482,75,Tienda física,11,5.48,Transferencia,5188.59,284.33,4904.26,2023,1,5,9
1100,45,308,129,Distribuidor,15,15.23,Paypal,4908.9,747.63,4161.27,2025,11,8,16
1101,50,249,88,Distribuidor,14,16.62,Efectivo,5432.0,902.8,4529.2,2023,6,4,9
1102,35,166,54,Distribuidor,15,21.84,Transferencia,7372.8,1610.22,5762.58,2023,7,26,22
1103,20,481,199,Tienda física,9,23.89,Tarjeta,983.7,235.01,748.69,2023,10,10,18
1104,8,472,89,Tienda física,5,23.43,Paypal,3362.8,787.9,2574.9,2025,8,29,12
1105,38,335,143,Tienda física,13,20.42,Transferencia,2310.36,471.78,1838.58,2024,6,27,8
1106,43,30,65,Online,16,11.53,Tarjeta,3321.28,382.94,2938.34,2025,11,26,5
1107,81,247,76,Tienda física,1,24.6,Transferencia,562.25,138.31,423.94,2024,4,26,13
1108,78,106,199,Distribuidor,10,1.36,Tarjeta,1093.0,14.86,1078.14,2024,9,28,13
1109,95,51,143,Distribuidor,3,17.5,Tarjeta,533.16,93.3,439.86,2023,1,7,4
1110,33,81,149,Tienda física,12,5.23,Efectivo,7641.24,399.64,7241.6,2024,6,11,3
1111,25,133,147,Tienda física,14,5.4,Transferencia,3741.22,202.03,3539.19,2023,10,10,20
1112,43,285,60,Distribuidor,16,14.18,Efectivo,5646.24,800.64,4845.6,2023,2,14,9
1113,58,388,93,Online,9,1.46,Tarjeta,962.82,14.06,948.76,2023,3,7,14
1114,3,138,161,Distribuidor,8,7.53,Transferencia,2182.96,164.38,2018.58,2025,12,21,6
1115,54,184,49,Distribuidor,3,10.18,Tarjeta,1634.19,166.36,1467.83,2024,9,24,19
1116,49,401,35,Distribuidor,15,6.99,Tarjeta,3381.0,236.33,3144.67,2023,3,10,12
1117,43,330,172,Distribuidor,19,5.55,Efectivo,14841.66,823.71,14017.95,2024,12,15,16
1118,3,273,102,Online,15,11.6,Transferencia,6117.75,709.66,5408.09,2025,5,21,10
1119,75,340,11,Online,9,13.25,Paypal,6355.89,842.16,5513.73,2024,11,7,9
1120,91,472,99,Distribuidor,14,2.98,Tarjeta,5977.58,178.13,5799.45,2024,10,29,16
1121,56,69,200,Online,10,14.15,Paypal,1885.9,266.85,1619.05,2023,7,8,10
1122,98,34,110,Tienda física,10,17.76,Transferencia,4503.8,799.87,3703.93,2023,2,5,11
1123,75,262,74,Distribuidor,7,20.13,Paypal,2532.46,509.78,2022.68,2024,5,9,13
1124,26,53,194,Online,10,23.59,Efectivo,7518.7,1773.66,5745.04,2023,6,11,2
1125,72,450,174,Distribuidor,16,0.51,Paypal,7986.4,40.73,7945.67,2025,3,8,11
1126,84,205,9,Tienda física,2,6.22,Tarjeta,799.82,49.75,750.07,2023,3,2,20
1127,8,126,3,Distribuidor,12,19.77,Paypal,1339.8,264.88,1074.92,2025,11,19,11
1128,78,235,85,Tienda física,12,16.32,Tarjeta,1900.08,310.09,1589.99,2023,11,19,2
1129,94,43,26,Online,5,12.74,Efectivo,315.85,40.24,275.61,2025,3,12,16
1130,2,240,72,Tienda física,15,0.12,Tarjeta,10147.35,12.18,10135.17,2023,1,15,3
1131,53,459,48,Tienda física,1,0.34,Paypal,72.9,0.25,72.65,2024,6,12,9
1132,90,371,194,Distribuidor,13,19.89,Paypal,9774.31,1944.11,7830.2,2024,1,14,14
1133,99,111,198,Online,3,19.67,Tarjeta,1527.93,300.54,1227.39,2023,11,7,2
1134,27,249,156,Tienda física,4,2.1,Paypal,1609.0,33.79,1575.21,2025,11,5,17
1135,56,151,117,Tienda física,16,9.08,Efectivo,10316.64,936.75,9379.89,2024,6,8,11
1136,10,183,154,Online,11,12.46,Efectivo,2760.45,343.95,2416.5,2024,11,19,5
1137,56,336,153,Online,15,2.59,Tarjeta,454.35,11.77,442.58,2023,1,8,21
1138,44,95,12,Distribuidor,13,20.4,Tarjeta,2325.7,474.44,1851.26,2023,4,8,0
1139,94,459,133,Online,17,9.17,Efectivo,3261.28,299.06,2962.22,2024,6,6,7
1140,14,374,48,Online,17,0.22,Paypal,1239.3,2.73,1236.57,2025,1,16,21
1141,81,400,37,Tienda física,17,18.46,Efectivo,9623.36,1776.47,7846.89,2025,6,14,13
1142,58,8,44,Online,13,15.41,Transferencia,7299.89,1124.91,6174.98,2024,5,8,21
1143,51,388,15,Tienda física,8,20.97,Tarjeta,3417.68,716.69,2700.99,2023,5,6,21
1144,9,360,43,Distribuidor,11,3.95,Efectivo,8021.64,316.85,7704.79,2023,2,6,7
1145,12,388,176,Distribuidor,7,4.44,Transferencia,3137.26,139.29,2997.97,2025,4,6,2
1146,27,184,87,Distribuidor,10,22.31,Paypal,5055.4,1127.86,3927.54,2023,11,10,23
1147,38,281,70,Online,12,2.24,Paypal,728.52,16.32,712.2,2025,2,5,11
1148,78,195,46,Online,3,21.46,Transferencia,236.13,50.67,185.46,2023,1,13,19
1149,66,352,108,Online,7,11.2,Tarjeta,3264.45,365.62,2898.83,2024,5,19,0
1150,49,195,123,Tienda física,1,3.76,Paypal,148.92,5.6,143.32,2025,6,7,15
1151,21,155,171,Online,5,12.88,Efectivo,1835.45,236.41,1599.04,2025,10,24,21
1152,27,93,21,Tienda física,11,2.52,Paypal,7481.43,188.53,7292.9,2024,1,3,23
1153,38,160,151,Distribuidor,13,24.3,Transferencia,3111.16,756.01,2355.15,2025,11,21,14
1154,98,434,107,Tienda física,19,4.57,Tarjeta,1112.45,50.84,1061.61,2025,8,22,15
1155,84,61,80,Distribuidor,2,18.24,Tarjeta,1453.46,265.11,1188.35,2025,7,29,0
1156,76,122,47,Online,11,19.31,Tarjeta,6324.56,1221.27,5103.29,2025,4,24,11
1157,58,51,117,Tienda física,8,0.84,Tarjeta,5158.32,43.33,5114.99,2023,1,19,19
1158,40,403,124,Distribuidor,11,22.39,Transferencia,3039.41,680.52,2358.89,2023,1,7,18
1159,68,277,143,Tienda física,3,12.03,Paypal,533.16,64.14,469.02,2023,4,4,20
1160,25,5,25,Tienda física,16,16.98,Efectivo,5308.0,901.3,4406.7,2025,3,3,3
1161,46,466,36,Online,17,21.23,Transferencia,12855.23,2729.17,10126.06,2025,8,21,14
1162,45,92,51,Tienda física,16,9.85,Efectivo,10470.88,1031.38,9439.5,2025,12,4,16
1163,95,170,15,Online,9,2.0,Efectivo,3844.89,76.9,3767.99,2024,5,17,3
1164,87,317,68,Distribuidor,15,8.23,Efectivo,4567.35,375.89,4191.46,2025,6,12,20
1165,73,22,21,Tienda física,14,24.27,Efectivo,9521.82,2310.95,7210.87,2023,7,4,8
1166,45,405,141,Distribuidor,17,3.35,Transferencia,12918.3,432.76,12485.54,2024,4,26,23
1167,59,326,19,Tienda física,2,14.56,Efectivo,807.08,117.51,689.57,2025,5,15,21
1168,12,1,34,Tienda física,17,6.52,Paypal,4084.08,266.28,3817.8,2024,9,17,15
1169,94,133,78,Online,4,24.97,Tarjeta,1986.12,495.93,1490.19,2023,10,19,6
1170,3,233,125,Online,10,1.01,Transferencia,5014.8,50.65,4964.15,2024,2,22,11
1171,25,12,196,Tienda física,10,23.26,Tarjeta,2366.3,550.4,1815.9,2025,2,27,8
1172,65,346,117,Distribuidor,16,22.07,Tarjeta,10316.64,2276.88,8039.76,2025,12,22,16
1173,76,46,52,Online,14,16.94,Efectivo,10774.96,1825.28,8949.68,2023,9,17,6
1174,43,34,27,Online,14,6.29,Tarjeta,10398.92,654.09,9744.83,2025,2,26,16
1175,20,433,157,Distribuidor,15,19.82,Efectivo,8339.55,1652.9,6686.65,2023,10,25,12
1176,38,78,156,Distribuidor,12,10.25,Efectivo,4827.0,494.77,4332.23,2024,7,1,20
1177,5,218,35,Tienda física,16,11.64,Transferencia,3606.4,419.78,3186.62,2023,1,11,19
1178,65,301,136,Online,14,20.69,Paypal,6105.82,1263.29,4842.53,2024,2,2,20
1179,33,411,144,Distribuidor,15,14.76,Efectivo,6252.0,922.8,5329.2,2023,12,13,5
1180,42,73,106,Distribuidor,5,2.1,Transferencia,1133.4,23.8,1109.6,2025,1,17,5
1181,70,282,164,Distribuidor,14,21.83,Paypal,5812.94,1268.96,4543.98,2023,2,7,12
1182,8,249,158,Distribuidor,12,17.94,Transferencia,2180.76,391.23,1789.53,2023,2,25,16
1183,42,47,146,Distribuidor,12,0.65,Efectivo,5480.76,35.62,5445.14,2024,1,3,23
1184,10,121,2,Online,17,0.25,Transferencia,6647.34,16.62,6630.72,2024,1,26,23
1185,57,214,177,Online,17,7.6,Transferencia,731.68,55.61,676.07,2024,10,30,4
1186,25,239,77,Online,11,23.78,Transferencia,4672.14,1111.03,3561.11,2023,6,3,14
1187,98,56,132,Distribuidor,5,18.44,Tarjeta,1719.85,317.14,1402.71,2024,1,24,19
1188,5,350,90,Tienda física,12,19.73,Tarjeta,2417.76,477.02,1940.74,2024,1,6,16
1189,48,107,89,Tienda física,16,7.97,Paypal,10760.96,857.65,9903.31,2024,7,12,16
1190,100,319,94,Tienda física,10,13.77,Paypal,4877.7,671.66,4206.04,2023,1,31,15
1191,75,48,7,Distribuidor,18,22.93,Paypal,3448.26,790.69,2657.57,2025,10,9,14
1192,51,61,95,Tienda física,9,0.12,Tarjeta,1322.55,1.59,1320.96,2024,11,11,14
1193,10,337,108,Distribuidor,3,23.5,Tarjeta,1399.05,328.78,1070.27,2025,7,9,14
1194,91,26,74,Tienda física,9,4.4,Paypal,3256.02,143.26,3112.76,2023,5,12,20
1195,84,292,39,Tienda física,9,23.51,Transferencia,6370.11,1497.61,4872.5,2025,6,23,13
1196,3,257,141,Tienda física,6,13.76,Transferencia,4559.4,627.37,3932.03,2024,2,18,4
1197,58,8,159,Distribuidor,3,2.51,Paypal,678.87,17.04,661.83,2023,4,25,11
1198,43,113,71,Online,15,24.82,Tarjeta,8816.1,2188.16,6627.94,2025,1,22,19
1199,38,355,191,Online,4,5.82,Efectivo,1003.48,58.4,945.08,2023,6,20,0
1200,95,253,56,Tienda física,3,19.85,Transferencia,1447.71,287.37,1160.34,2024,4,3,3
1201,42,180,170,Distribuidor,8,14.77,Efectivo,1563.76,230.97,1332.79,2024,8,14,21
1202,57,207,189,Online,10,7.97,Paypal,3191.1,254.33,2936.77,2025,4,3,16
1203,94,303,42,Distribuidor,12,12.21,Efectivo,1436.52,175.4,1261.12,2024,12,4,19
1204,95,127,184,Distribuidor,5,23.36,Efectivo,2581.35,603.0,1978.35,2024,6,2,8
1205,76,56,36,Distribuidor,1,16.2,Tarjeta,756.19,122.5,633.69,2023,10,18,2
1206,45,214,84,Distribuidor,12,6.75,Efectivo,6842.76,461.89,6380.87,2023,6,7,14
1207,13,14,196,Online,1,11.82,Efectivo,236.63,27.97,208.66,2024,5,31,11
1208,86,474,118,Online,16,7.21,Efectivo,2948.96,212.62,2736.34,2024,9,27,14
1209,50,28,7,Online,11,18.99,Tarjeta,2107.27,400.17,1707.1,2024,11,30,10
1210,56,471,54,Tienda física,12,14.89,Efectivo,5898.24,878.25,5019.99,2025,5,8,11
1211,50,78,129,Tienda física,13,4.73,Transferencia,4254.38,201.23,4053.15,2023,3,26,15
1212,44,216,172,Distribuidor,9,14.54,Tarjeta,7030.26,1022.2,6008.06,2024,11,2,9
1213,87,386,120,Distribuidor,6,0.33,Tarjeta,955.44,3.15,952.29,2023,12,23,2
1214,72,365,173,Tienda física,14,4.39,Paypal,9047.22,397.17,8650.05,2024,7,24,7
1215,59,154,106,Tienda física,9,16.58,Tarjeta,2040.12,338.25,1701.87,2024,7,17,5
1216,70,14,47,Online,4,2.86,Efectivo,2299.84,65.78,2234.06,2025,3,20,4
1217,92,187,123,Online,5,24.88,Transferencia,744.6,185.26,559.34,2024,1,16,1
1218,89,312,141,Tienda física,1,2.34,Efectivo,759.9,17.78,742.12,2023,3,14,4
1219,53,371,119,Tienda física,13,2.17,Transferencia,1909.7,41.44,1868.26,2023,3,24,9
1220,12,7,150,Tienda física,7,13.18,Transferencia,5428.92,715.53,4713.39,2024,8,25,23
1221,48,3,118,Online,2,6.75,Tarjeta,368.62,24.88,343.74,2023,10,18,12
1222,2,111,21,Online,17,18.36,Tarjeta,11562.21,2122.82,9439.39,2025,7,28,2
1223,53,407,137,Online,14,24.3,Paypal,5418.84,1316.78,4102.06,2025,4,29,5
1224,57,238,26,Online,5,13.22,Transferencia,315.85,41.76,274.09,2023,1,4,10
1225,20,363,9,Online,11,0.91,Tarjeta,4399.01,40.03,4358.98,2023,10,5,10
1226,62,239,15,Tienda física,10,7.75,Efectivo,4272.1,331.09,3941.01,2025,1,13,12
1227,90,493,10,Tienda física,6,0.95,Paypal,2252.04,21.39,2230.65,2025,5,21,14
1228,76,274,122,Online,2,1.35,Efectivo,385.14,5.2,379.94,2025,6,29,1
1229,94,294,121,Distribuidor,8,17.21,Efectivo,3528.64,607.28,2921.36,2023,3,15,17
1230,26,227,125,Online,15,23.11,Efectivo,7522.2,1738.38,5783.82,2024,3,26,19
1231,8,371,170,Online,2,24.92,Efectivo,390.94,97.42,293.52,2023,7,24,18
1232,12,15,72,Online,15,17.15,Paypal,10147.35,1740.27,8407.08,2024,12,18,7
1233,57,192,152,Distribuidor,17,6.46,Transferencia,1804.04,116.54,1687.5,2023,12,31,6
1234,76,473,49,Distribuidor,10,2.74,Efectivo,5447.3,149.26,5298.04,2023,8,13,5
1235,91,119,154,Online,6,8.87,Transferencia,1505.7,133.56,1372.14,2023,4,6,22
1236,48,485,91,Tienda física,12,23.5,Tarjeta,2206.68,518.57,1688.11,2024,10,26,20
1237,73,28,37,Distribuidor,12,22.38,Transferencia,6792.96,1520.26,5272.7,2023,12,26,17
1238,25,202,68,Tienda física,1,9.29,Efectivo,304.49,28.29,276.2,2023,2,22,10
1239,3,39,50,Distribuidor,10,20.13,Tarjeta,4636.2,933.27,3702.93,2023,3,24,2
1240,88,441,152,Distribuidor,15,6.61,Efectivo,1591.8,105.22,1486.58,2024,11,1,20
1241,4,273,19,Distribuidor,16,7.86,Efectivo,6456.64,507.49,5949.15,2024,4,17,2
1242,21,231,100,Distribuidor,6,13.31,Tarjeta,220.8,29.39,191.41,2025,9,15,21
1243,64,86,60,Online,15,4.66,Efectivo,5293.35,246.67,5046.68,2024,8,9,17
1244,73,474,167,Tienda física,13,22.04,Transferencia,7300.67,1609.07,5691.6,2024,8,22,8
1245,25,126,89,Distribuidor,6,6.14,Paypal,4035.36,247.77,3787.59,2023,12,12,8
1246,73,300,146,Tienda física,4,17.06,Tarjeta,1826.92,311.67,1515.25,2024,5,7,9
1247,13,25,147,Online,17,4.45,Paypal,4542.91,202.16,4340.75,2024,8,26,17
1248,87,145,164,Tienda física,6,14.37,Paypal,2491.26,357.99,2133.27,2025,5,19,15
1249,44,13,183,Distribuidor,14,21.79,Efectivo,4357.92,949.59,3408.33,2023,2,16,11
1250,90,212,69,Online,4,20.64,Transferencia,3179.84,656.32,2523.52,2025,6,25,17
1251,21,25,175,Online,18,16.51,Tarjeta,11692.8,1930.48,9762.32,2024,5,8,6
1252,54,68,49,Tienda física,16,7.03,Paypal,8715.68,612.71,8102.97,2024,9,15,15
1253,92,394,108,Distribuidor,14,18.42,Transferencia,6528.9,1202.62,5326.28,2023,8,1,5
1254,11,67,161,Tienda física,2,16.67,Paypal,545.74,90.97,454.77,2025,4,7,6
1255,89,233,119,Tienda física,14,11.26,Transferencia,2056.6,231.57,1825.03,2025,2,9,3
1256,45,109,149,Tienda física,5,19.48,Tarjeta,3183.85,620.21,2563.64,2025,10,14,18
1257,45,146,150,Tienda física,3,9.01,Paypal,2326.68,209.63,2117.05,2025,4,12,7
1258,42,111,176,Distribuidor,18,12.93,Tarjeta,8067.24,1043.09,7024.15,2025,10,7,8
1259,64,228,37,Distribuidor,19,2.05,Paypal,10755.52,220.49,10535.03,2023,12,31,6
1260,46,111,143,Distribuidor,15,0.49,Efectivo,2665.8,13.06,2652.74,2024,2,21,4
1261,98,470,163,Tienda física,3,9.57,Tarjeta,1946.43,186.27,1760.16,2023,8,14,6
1262,4,34,199,Online,2,2.82,Efectivo,218.6,6.16,212.44,2024,12,31,1
1263,20,111,160,Tienda física,9,9.52,Efectivo,1134.72,108.03,1026.69,2025,1,7,14
1264,49,264,11,Distribuidor,6,16.15,Tarjeta,4237.26,684.32,3552.94,2025,2,1,0
1265,21,424,138,Online,13,11.97,Transferencia,5124.21,613.37,4510.84,2024,9,14,6
1266,95,369,78,Tienda física,11,19.69,Transferencia,5461.83,1075.43,4386.4,2024,1,19,6
1267,26,236,77,Online,12,12.41,Transferencia,5096.88,632.52,4464.36,2023,7,25,0
1268,25,83,185,Tienda física,4,2.44,Paypal,1117.48,27.27,1090.21,2025,12,30,12
1269,90,42,153,Distribuidor,15,23.71,Efectivo,454.35,107.73,346.62,2023,12,31,3
1270,78,425,2,Distribuidor,8,20.41,Tarjeta,3128.16,638.46,2489.7,2025,6,6,8
1271,12,101,64,Tienda física,17,24.74,Efectivo,12050.11,2981.2,9068.91,2024,5,23,7
1272,33,6,35,Tienda física,7,6.99,Efectivo,1577.8,110.29,1467.51,2025,2,17,5
1273,46,180,7,Distribuidor,16,22.17,Efectivo,3065.12,679.54,2385.58,2023,9,10,9
1274,5,282,85,Distribuidor,15,21.58,Transferencia,2375.1,512.55,1862.55,2024,10,15,22
1275,50,320,146,Tienda física,18,6.31,Tarjeta,8221.14,518.75,7702.39,2024,3,3,5
1276,98,226,67,Distribuidor,13,4.7,Transferencia,210.21,9.88,200.33,2023,11,24,19
1277,70,443,42,Online,1,21.38,Paypal,119.71,25.59,94.12,2025,10,9,14
1278,95,440,118,Distribuidor,7,8.23,Paypal,1290.17,106.18,1183.99,2023,8,19,4
1279,25,315,125,Distribuidor,5,16.4,Transferencia,2507.4,411.21,2096.19,2023,3,14,22
1280,56,365,167,Distribuidor,19,7.28,Transferencia,10670.21,776.79,9893.42,2024,7,9,5
1281,59,454,169,Online,11,20.37,Paypal,1548.91,315.51,1233.4,2024,11,23,12
1282,3,229,24,Online,11,6.9,Paypal,5359.42,369.8,4989.62,2025,9,28,1
1283,88,377,188,Tienda física,1,19.92,Tarjeta,235.04,46.82,188.22,2024,2,13,11
1284,38,289,46,Online,2,22.3,Tarjeta,157.42,35.1,122.32,2024,1,31,18
1285,78,437,19,Online,13,3.26,Efectivo,5246.02,171.02,5075.0,2024,5,4,12
1286,57,150,68,Online,11,7.56,Transferencia,3349.39,253.21,3096.18,2024,10,25,10
1287,45,277,102,Distribuidor,14,17.43,Transferencia,5709.9,995.24,4714.66,2023,8,22,20
1288,89,198,42,Online,10,2.49,Paypal,1197.1,29.81,1167.29,2025,12,18,17
1289,27,70,32,Online,15,2.92,Tarjeta,11026.5,321.97,10704.53,2024,6,20,21
1290,2,112,167,Online,17,19.8,Paypal,9547.03,1890.31,7656.72,2025,7,31,22
1291,58,4,109,Distribuidor,5,17.0,Transferencia,584.95,99.44,485.51,2023,2,11,7
1292,44,350,36,Online,12,19.43,Paypal,9074.28,1763.13,7311.15,2024,3,31,2
1293,97,331,97,Online,14,8.98,Efectivo,419.02,37.63,381.39,2025,2,20,5
1294,54,446,164,Distribuidor,16,10.76,Paypal,6643.36,714.83,5928.53,2025,9,22,13
1295,65,318,131,Tienda física,1,2.95,Efectivo,647.69,19.11,628.58,2024,2,16,17
1296,65,350,73,Online,14,0.52,Paypal,6705.02,34.87,6670.15,2023,7,21,17
1297,57,95,136,Tienda física,18,8.4,Efectivo,7850.34,659.43,7190.91,2024,12,7,17
1298,58,152,97,Online,7,19.25,Paypal,209.51,40.33,169.18,2025,12,24,19
1299,72,311,123,Distribuidor,11,7.55,Efectivo,1638.12,123.68,1514.44,2025,11,19,8
1300,86,137,70,Tienda física,10,17.15,Efectivo,607.1,104.12,502.98,2023,8,3,10
1301,26,247,169,Tienda física,16,1.45,Tarjeta,2252.96,32.67,2220.29,2025,7,17,21
1302,91,387,196,Distribuidor,7,6.52,Efectivo,1656.41,108.0,1548.41,2025,7,6,14
1303,14,243,13,Tienda física,19,23.81,Paypal,8611.94,2050.5,6561.44,2023,6,1,11
1304,45,31,49,Online,11,17.5,Efectivo,5992.03,1048.61,4943.42,2024,1,15,0
1305,4,40,60,Online,17,21.98,Paypal,5999.13,1318.61,4680.52,2025,12,9,22
1306,4,229,130,Online,10,7.86,Tarjeta,548.2,43.09,505.11,2024,10,14,0
1307,56,36,188,Online,9,20.96,Paypal,2115.36,443.38,1671.98,2025,2,23,15
1308,64,408,5,Distribuidor,11,16.29,Paypal,4961.44,808.22,4153.22,2023,1,22,5
1309,9,223,172,Tienda física,2,7.3,Transferencia,1562.28,114.05,1448.23,2024,8,17,15
1310,34,6,27,Online,14,7.19,Tarjeta,10398.92,747.68,9651.24,2023,9,15,10
1311,83,322,160,Online,16,3.21,Tarjeta,2017.28,64.75,1952.53,2024,10,28,21
1312,91,468,149,Distribuidor,18,3.76,Paypal,11461.86,430.97,11030.89,2025,9,6,13
1313,83,220,8,Online,10,17.75,Efectivo,5704.2,1012.5,4691.7,2023,4,23,6
1314,94,75,200,Tienda física,19,23.48,Transferencia,3583.21,841.34,2741.87,2024,4,1,12
1315,87,4,50,Distribuidor,5,1.89,Transferencia,2318.1,43.81,2274.29,2024,4,16,8
1316,25,335,67,Tienda física,15,4.96,Tarjeta,242.55,12.03,230.52,2025,11,7,16
1317,38,134,44,Online,4,19.09,Tarjeta,2246.12,428.78,1817.34,2024,11,17,20
1318,21,118,125,Distribuidor,15,6.08,Efectivo,7522.2,457.35,7064.85,2025,7,14,18
1319,16,369,58,Online,13,15.62,Transferencia,9291.23,1451.29,7839.94,2023,5,22,20
1320,54,94,3,Tienda física,11,3.96,Efectivo,1228.15,48.63,1179.52,2025,1,17,21
1321,26,486,86,Distribuidor,10,1.36,Tarjeta,5623.9,76.49,5547.41,2025,5,17,20
1322,54,435,70,Tienda física,11,19.58,Paypal,667.81,130.76,537.05,2024,9,2,1
1323,91,62,130,Distribuidor,10,4.23,Tarjeta,548.2,23.19,525.01,2023,9,1,4
1324,43,441,172,Tienda física,8,17.81,Efectivo,6249.12,1112.97,5136.15,2024,4,26,14
1325,25,194,2,Tienda física,5,18.62,Efectivo,1955.1,364.04,1591.06,2023,2,18,18
1326,11,335,102,Online,5,24.52,Paypal,2039.25,500.02,1539.23,2024,12,19,7
1327,58,203,35,Tienda física,8,8.01,Paypal,1803.2,144.44,1658.76,2023,5,12,17
1328,88,392,98,Online,18,11.11,Efectivo,13119.66,1457.59,11662.07,2024,5,10,19
1329,14,26,30,Online,12,9.46,Efectivo,6066.24,573.87,5492.37,2023,5,12,1
1330,19,435,116,Distribuidor,13,24.92,Paypal,6738.16,1679.15,5059.01,2024,3,4,2
1331,78,173,8,Tienda física,4,14.87,Paypal,2281.68,339.29,1942.39,2024,10,14,6
1332,3,300,150,Distribuidor,7,8.75,Transferencia,5428.92,475.03,4953.89,2023,8,13,6
1333,3,133,44,Online,2,18.22,Transferencia,1123.06,204.62,918.44,2025,8,20,4
1334,46,326,186,Online,6,2.23,Efectivo,2891.52,64.48,2827.04,2024,4,15,0
1335,72,410,36,Tienda física,13,18.32,Efectivo,9830.47,1800.94,8029.53,2024,3,6,10
1336,45,118,197,Tienda física,10,5.73,Transferencia,5132.5,294.09,4838.41,2023,2,27,7
1337,95,324,77,Online,17,18.39,Paypal,7220.58,1327.86,5892.72,2023,7,10,3
1338,19,275,31,Tienda física,2,2.66,Paypal,535.92,14.26,521.66,2025,12,10,21
1339,73,212,47,Distribuidor,7,14.6,Efectivo,4024.72,587.61,3437.11,2024,4,8,1
1340,79,225,55,Online,18,17.7,Paypal,8809.92,1559.36,7250.56,2023,12,2,15
1341,66,20,106,Tienda física,6,20.88,Tarjeta,1360.08,283.98,1076.1,2023,7,7,16
1342,94,113,190,Online,8,1.48,Transferencia,2649.12,39.21,2609.91,2025,10,18,13
1343,53,140,158,Online,5,9.86,Tarjeta,908.65,89.59,819.06,2023,8,2,17
1344,43,47,121,Tienda física,3,9.14,Tarjeta,1323.24,120.94,1202.3,2024,9,12,14
1345,33,1,55,Distribuidor,9,20.51,Tarjeta,4404.96,903.46,3501.5,2024,11,10,2
1346,49,90,144,Distribuidor,16,13.7,Paypal,6668.8,913.63,5755.17,2025,6,14,19
1347,45,142,12,Tienda física,1,3.55,Transferencia,178.9,6.35,172.55,2025,12,5,17
1348,72,320,145,Tienda física,3,11.78,Paypal,2049.42,241.42,1808.0,2025,8,15,4
1349,84,38,144,Distribuidor,18,18.56,Tarjeta,7502.4,1392.45,6109.95,2024,4,3,19
1350,25,293,140,Tienda física,4,4.6,Tarjeta,2266.68,104.27,2162.41,2025,10,29,13
1351,84,382,136,Online,15,10.96,Transferencia,6541.95,717.0,5824.95,2024,7,29,10
1352,58,139,3,Online,2,8.01,Transferencia,223.3,17.89,205.41,2025,4,3,4
1353,21,356,144,Online,17,16.16,Efectivo,7085.6,1145.03,5940.57,2025,5,16,23
1354,13,333,30,Online,6,4.31,Transferencia,3033.12,130.73,2902.39,2023,1,23,1
1355,91,491,23,Distribuidor,1,10.07,Paypal,301.74,30.39,271.35,2023,9,3,4
1356,95,259,92,Distribuidor,5,10.17,Paypal,2022.4,205.68,1816.72,2023,5,17,16
1357,91,161,115,Tienda física,11,20.8,Transferencia,7027.13,1461.64,5565.49,2023,2,19,17
1358,92,390,104,Distribuidor,15,24.94,Transferencia,4868.55,1214.22,3654.33,2025,1,4,9
1359,90,178,118,Online,3,19.32,Tarjeta,552.93,106.83,446.1,2023,5,29,18
1360,91,10,5,Distribuidor,7,18.73,Transferencia,3157.28,591.36,2565.92,2024,4,30,12
1361,51,261,104,Distribuidor,18,2.08,Tarjeta,5842.26,121.52,5720.74,2025,2,23,11
1362,10,407,108,Distribuidor,15,24.0,Paypal,6995.25,1678.86,5316.39,2024,9,9,21
1363,100,138,65,Distribuidor,9,20.43,Paypal,1868.22,381.68,1486.54,2024,2,10,18
1364,44,172,121,Distribuidor,1,1.71,Efectivo,441.08,7.54,433.54,2025,5,31,20
1365,56,386,30,Distribuidor,16,23.27,Tarjeta,8088.32,1882.15,6206.17,2023,3,17,19
1366,8,13,149,Tienda física,2,4.48,Paypal,1273.54,57.05,1216.49,2025,6,19,9
1367,54,168,84,Distribuidor,2,20.64,Efectivo,1140.46,235.39,905.07,2023,4,20,8
1368,68,130,198,Tienda física,10,8.62,Tarjeta,5093.1,439.03,4654.07,2024,8,5,17
1369,58,84,150,Online,12,8.22,Paypal,9306.72,765.01,8541.71,2023,9,25,12
1370,99,321,200,Tienda física,3,19.66,Efectivo,565.77,111.23,454.54,2023,7,22,0
1371,42,319,32,Tienda física,1,7.19,Transferencia,735.1,52.85,682.25,2025,10,14,13
1372,90,101,161,Distribuidor,6,19.51,Paypal,1637.22,319.42,1317.8,2023,5,14,0
1373,14,329,16,Distribuidor,12,9.65,Tarjeta,6746.52,651.04,6095.48,2025,12,8,8
1374,65,273,38,Distribuidor,12,10.12,Paypal,667.44,67.54,599.9,2025,12,19,20
1375,95,265,142,Tienda física,2,3.0,Efectivo,286.1,8.58,277.52,2025,5,11,14
1376,3,459,36,Tienda física,3,12.39,Efectivo,2268.57,281.08,1987.49,2023,12,2,9
1377,98,399,151,Online,15,20.4,Tarjeta,3589.8,732.32,2857.48,2024,2,29,5
1378,14,408,114,Distribuidor,4,18.23,Paypal,1929.52,351.75,1577.77,2025,6,12,0
1379,79,38,66,Tienda física,19,14.99,Tarjeta,6892.82,1033.23,5859.59,2025,4,22,1
1380,86,419,105,Distribuidor,12,3.55,Efectivo,5242.2,186.1,5056.1,2023,2,21,19
1381,78,94,85,Distribuidor,13,9.0,Efectivo,2058.42,185.26,1873.16,2023,5,1,8
1382,11,95,2,Tienda física,9,9.31,Transferencia,3519.18,327.64,3191.54,2025,10,29,15
1383,79,305,193,Online,3,7.11,Efectivo,1131.18,80.43,1050.75,2025,6,29,9
1384,5,69,75,Distribuidor,2,3.4,Efectivo,943.38,32.07,911.31,2024,1,30,2
1385,100,318,67,Tienda física,17,7.58,Efectivo,274.89,20.84,254.05,2024,2,13,18
1386,13,444,180,Distribuidor,19,10.45,Paypal,7905.14,826.09,7079.05,2025,10,29,4
1387,12,236,190,Distribuidor,8,19.34,Transferencia,2649.12,512.34,2136.78,2025,5,4,17
1388,75,434,151,Tienda física,2,19.25,Efectivo,478.64,92.14,386.5,2024,8,5,3
1389,88,334,154,Online,12,20.27,Tarjeta,3011.4,610.41,2400.99,2024,5,21,20
1390,50,373,196,Online,2,11.92,Paypal,473.26,56.41,416.85,2024,12,22,21
1391,89,376,55,Distribuidor,12,12.75,Transferencia,5873.28,748.84,5124.44,2024,10,21,21
1392,56,459,6,Distribuidor,7,20.69,Efectivo,473.34,97.93,375.41,2024,12,15,15
1393,45,137,163,Online,4,8.66,Transferencia,2595.24,224.75,2370.49,2024,7,26,5
1394,78,418,150,Distribuidor,9,5.4,Tarjeta,6980.04,376.92,6603.12,2025,2,23,11
1395,83,76,171,Distribuidor,9,11.45,Paypal,3303.81,378.29,2925.52,2025,11,13,6
1396,22,483,143,Online,11,23.19,Tarjeta,1954.92,453.35,1501.57,2023,12,2,6
1397,64,35,86,Online,6,3.56,Tarjeta,3374.34,120.13,3254.21,2025,11,23,5
1398,27,1,60,Online,12,6.5,Efectivo,4234.68,275.25,3959.43,2025,8,1,15
1399,97,296,101,Online,8,11.43,Tarjeta,5676.8,648.86,5027.94,2024,7,2,16
1400,8,320,12,Distribuidor,2,1.35,Efectivo,357.8,4.83,352.97,2024,9,6,20
1401,64,406,49,Distribuidor,3,18.77,Paypal,1634.19,306.74,1327.45,2025,11,3,17
1402,64,60,42,Distribuidor,19,22.23,Paypal,2274.49,505.62,1768.87,2025,6,3,23
1403,59,320,166,Tienda física,16,4.38,Transferencia,3853.92,168.8,3685.12,2023,11,9,23
1404,22,349,82,Tienda física,15,12.32,Tarjeta,2294.4,282.67,2011.73,2025,1,20,23
1405,49,328,173,Distribuidor,3,14.55,Paypal,1938.69,282.08,1656.61,2024,11,15,10
1406,43,267,35,Tienda física,4,5.04,Transferencia,901.6,45.44,856.16,2025,4,23,14
1407,72,361,158,Distribuidor,5,5.76,Tarjeta,908.65,52.34,856.31,2024,5,31,12
1408,73,229,158,Online,11,8.23,Efectivo,1999.03,164.52,1834.51,2023,12,10,13
1409,78,270,134,Online,16,11.1,Paypal,1158.08,128.55,1029.53,2023,6,20,3
1410,97,316,67,Online,10,19.9,Tarjeta,161.7,32.18,129.52,2025,10,17,12
1411,91,286,80,Online,4,2.87,Paypal,2906.92,83.43,2823.49,2024,10,9,12
1412,11,291,7,Tienda física,1,18.65,Efectivo,191.57,35.73,155.84,2025,1,2,14
1413,20,213,180,Tienda física,15,16.77,Efectivo,6240.9,1046.6,5194.3,2025,7,11,22
1414,100,165,14,Tienda física,5,0.7,Paypal,3334.5,23.34,3311.16,2025,5,16,10
1415,98,5,73,Tienda física,2,18.03,Paypal,957.86,172.7,785.16,2023,4,5,6
1416,27,339,143,Distribuidor,1,14.62,Efectivo,177.72,25.98,151.74,2025,4,12,0
1417,84,379,149,Tienda física,12,3.34,Paypal,7641.24,255.22,7386.02,2024,6,26,12
1418,90,78,163,Online,13,9.93,Tarjeta,8434.53,837.55,7596.98,2025,12,7,16
1419,19,410,66,Tienda física,11,19.26,Transferencia,3990.58,768.59,3221.99,2024,7,18,7
1420,62,62,91,Tienda física,14,6.46,Efectivo,2574.46,166.31,2408.15,2023,6,23,7
1421,57,132,130,Tienda física,15,12.66,Transferencia,822.3,104.1,718.2,2023,6,17,8
1422,1,89,163,Distribuidor,8,17.83,Tarjeta,5190.48,925.46,4265.02,2023,11,25,11
1423,58,237,20,Online,7,10.58,Paypal,3522.12,372.64,3149.48,2023,7,17,1
1424,21,42,10,Distribuidor,3,0.88,Paypal,1126.02,9.91,1116.11,2024,6,27,11
1425,100,89,25,Tienda física,12,17.47,Transferencia,3981.0,695.48,3285.52,2025,2,7,5
1426,97,402,194,Online,10,12.54,Paypal,7518.7,942.84,6575.86,2023,6,12,6
1427,50,296,25,Tienda física,7,20.08,Efectivo,2322.25,466.31,1855.94,2023,10,29,15
1428,16,328,54,Online,12,12.0,Tarjeta,5898.24,707.79,5190.45,2024,9,2,8
1429,97,295,33,Distribuidor,13,5.43,Efectivo,1971.06,107.03,1864.03,2024,8,22,7
1430,19,104,164,Online,6,24.71,Paypal,2491.26,615.59,1875.67,2023,4,29,23
1431,50,14,95,Tienda física,8,5.98,Tarjeta,1175.6,70.3,1105.3,2023,8,29,14
1432,98,288,14,Distribuidor,1,10.32,Transferencia,666.9,68.82,598.08,2024,8,2,3
1433,81,179,65,Distribuidor,1,5.01,Paypal,207.58,10.4,197.18,2023,5,23,12
1434,53,125,110,Distribuidor,16,4.15,Transferencia,7206.08,299.05,6907.03,2023,1,10,17
1435,72,422,80,Distribuidor,2,0.17,Transferencia,1453.46,2.47,1450.99,2023,8,6,19
1436,78,353,54,Online,13,20.0,Paypal,6389.76,1277.95,5111.81,2025,7,31,5
1437,95,23,125,Tienda física,4,20.22,Efectivo,2005.92,405.6,1600.32,2024,7,25,8
1438,54,63,180,Online,19,1.21,Transferencia,7905.14,95.65,7809.49,2025,3,22,10
1439,54,143,131,Distribuidor,5,5.77,Efectivo,3238.45,186.86,3051.59,2023,3,17,5
1440,25,481,169,Online,6,10.71,Tarjeta,844.86,90.48,754.38,2025,9,1,16
1441,89,153,134,Distribuidor,11,1.73,Tarjeta,796.18,13.77,782.41,2023,2,22,12
1442,46,145,25,Distribuidor,4,17.81,Paypal,1327.0,236.34,1090.66,2024,12,1,20
1443,70,225,141,Online,12,18.4,Transferencia,9118.8,1677.86,7440.94,2023,8,31,1
1444,83,495,117,Distribuidor,5,23.69,Paypal,3223.95,763.75,2460.2,2025,3,22,1
1445,70,450,136,Distribuidor,5,4.59,Efectivo,2180.65,100.09,2080.56,2024,11,11,16
1446,35,462,149,Online,9,22.61,Paypal,5730.93,1295.76,4435.17,2025,3,24,2
1447,70,309,196,Distribuidor,6,3.0,Efectivo,1419.78,42.59,1377.19,2023,4,4,19
1448,91,104,25,Online,17,21.84,Transferencia,5639.75,1231.72,4408.03,2024,6,11,1
1449,72,104,79,Online,9,23.93,Efectivo,5056.74,1210.08,3846.66,2024,12,26,15
1450,73,435,68,Tienda física,10,6.12,Tarjeta,3044.9,186.35,2858.55,2025,8,6,6
1451,57,39,173,Online,19,6.18,Efectivo,12278.37,758.8,11519.57,2025,9,24,23
1452,86,435,188,Distribuidor,19,19.18,Transferencia,4465.76,856.53,3609.23,2024,1,6,0
1453,1,198,12,Distribuidor,9,3.88,Transferencia,1610.1,62.47,1547.63,2025,10,20,6
1454,99,134,32,Tienda física,5,9.24,Tarjeta,3675.5,339.62,3335.88,2023,5,13,18
1455,62,67,128,Online,4,16.35,Tarjeta,1262.52,206.42,1056.1,2024,8,18,15
1456,73,391,96,Distribuidor,4,4.29,Paypal,1460.36,62.65,1397.71,2023,8,4,13
1457,56,179,92,Tienda física,7,3.04,Paypal,2831.36,86.07,2745.29,2025,8,16,2
1458,65,456,141,Tienda física,9,24.03,Paypal,6839.1,1643.44,5195.66,2023,1,13,13
1459,4,42,31,Online,2,6.26,Transferencia,535.92,33.55,502.37,2024,1,8,12
1460,83,448,78,Online,14,1.39,Efectivo,6951.42,96.62,6854.8,2023,11,5,7
1461,42,500,20,Distribuidor,18,1.23,Tarjeta,9056.88,111.4,8945.48,2025,5,14,2
1462,92,15,146,Online,10,8.44,Paypal,4567.3,385.48,4181.82,2025,4,3,9
1463,12,111,60,Tienda física,6,2.44,Efectivo,2117.34,51.66,2065.68,2024,8,8,11
1464,79,157,191,Distribuidor,6,16.25,Tarjeta,1505.22,244.6,1260.62,2024,12,7,9
1465,14,289,134,Online,7,22.23,Transferencia,506.66,112.63,394.03,2024,4,1,20
1466,13,500,160,Distribuidor,13,8.82,Paypal,1639.04,144.56,1494.48,2024,5,27,22
1467,54,478,93,Online,7,19.61,Paypal,748.86,146.85,602.01,2024,5,3,18
1468,86,231,43,Tienda física,11,13.66,Paypal,8021.64,1095.76,6925.88,2025,9,26,14
1469,2,411,130,Distribuidor,3,9.1,Paypal,164.46,14.97,149.49,2023,11,26,22
1470,46,420,60,Online,16,14.34,Paypal,5646.24,809.67,4836.57,2025,3,17,17
1471,78,157,151,Online,14,3.03,Tarjeta,3350.48,101.52,3248.96,2023,9,22,10
1472,13,38,31,Online,12,7.24,Efectivo,3215.52,232.8,2982.72,2024,10,2,16
1473,90,441,5,Distribuidor,11,20.2,Transferencia,4961.44,1002.21,3959.23,2023,4,19,21
1474,9,97,162,Distribuidor,17,24.19,Paypal,2392.75,578.81,1813.94,2025,2,7,18
1475,3,485,10,Distribuidor,18,24.29,Paypal,6756.12,1641.06,5115.06,2025,8,6,20
1476,58,411,89,Online,13,4.0,Efectivo,8743.28,349.73,8393.55,2025,4,17,20
1477,42,439,130,Distribuidor,11,24.17,Transferencia,603.02,145.75,457.27,2023,1,30,0
1478,83,289,126,Distribuidor,13,9.02,Efectivo,9235.46,833.04,8402.42,2025,1,29,14
1479,76,254,11,Online,18,22.96,Efectivo,12711.78,2918.62,9793.16,2025,12,14,1
1480,91,196,178,Distribuidor,16,14.69,Transferencia,1710.24,251.23,1459.01,2023,12,14,0
1481,9,86,159,Tienda física,13,14.93,Tarjeta,2941.77,439.21,2502.56,2023,8,4,9
1482,89,322,56,Distribuidor,9,9.15,Efectivo,4343.13,397.4,3945.73,2023,10,15,7
1483,2,10,83,Tienda física,9,6.28,Tarjeta,3897.36,244.75,3652.61,2023,1,6,5
1484,46,5,137,Distribuidor,2,11.38,Efectivo,774.12,88.09,686.03,2024,3,30,8
1485,26,123,99,Distribuidor,4,5.32,Tarjeta,1707.88,90.86,1617.02,2025,2,27,5
1486,8,330,149,Online,16,8.49,Transferencia,10188.32,864.99,9323.33,2025,9,13,9
1487,79,353,73,Tienda física,19,23.06,Transferencia,9099.67,2098.38,7001.29,2024,6,14,0
1488,26,118,156,Distribuidor,3,24.51,Transferencia,1206.75,295.77,910.98,2025,9,15,16
1489,92,294,190,Distribuidor,18,14.36,Tarjeta,5960.52,855.93,5104.59,2024,7,16,18
1490,64,397,115,Online,11,0.27,Transferencia,7027.13,18.97,7008.16,2025,4,2,21
1491,13,159,7,Distribuidor,15,11.09,Tarjeta,2873.55,318.68,2554.87,2023,3,20,3
1492,59,303,80,Tienda física,19,7.59,Transferencia,13807.87,1048.02,12759.85,2024,3,2,23
1493,19,228,144,Tienda física,12,19.7,Paypal,5001.6,985.32,4016.28,2025,10,17,11
1494,86,365,97,Tienda física,16,23.41,Transferencia,478.88,112.11,366.77,2023,12,21,15
1495,100,216,4,Distribuidor,15,5.81,Paypal,9130.8,530.5,8600.3,2024,4,21,11
1496,81,436,4,Tienda física,14,7.1,Paypal,8522.08,605.07,7917.01,2023,7,16,14
1497,5,184,103,Online,12,20.36,Tarjeta,8214.72,1672.52,6542.2,2024,10,8,19
1498,44,15,40,Tienda física,1,17.07,Transferencia,575.56,98.25,477.31,2025,3,1,14
1499,5,157,17,Distribuidor,13,21.35,Paypal,252.98,54.01,198.97,2024,10,3,3
1500,81,136,101,Distribuidor,18,7.17,Paypal,12772.8,915.81,11856.99,2023,5,23,15
